[{"id": "113007", "pId": "110880", "name": "地球与地图"}, {"id": "113008", "pId": "110880", "name": "世界地理"}, {"id": "113009", "pId": "110880", "name": "中国地理"}, {"id": "113010", "pId": "113007", "name": "地球"}, {"id": "113011", "pId": "113007", "name": "地图"}, {"id": "113016", "pId": "113008", "name": "世界陆地与海洋"}, {"id": "113017", "pId": "113008", "name": "世界的气候"}, {"id": "113018", "pId": "113008", "name": "世界居民与国家"}, {"id": "113019", "pId": "113008", "name": "世界地理分区"}, {"id": "113034", "pId": "113009", "name": "中国的疆域与人口"}, {"id": "113035", "pId": "113009", "name": "中国的自然环境与自然资源"}, {"id": "113036", "pId": "113009", "name": "中国的经济与文化"}, {"id": "113037", "pId": "113009", "name": "中国的地理差异"}, {"id": "113012", "pId": "113010", "name": "地球和地球仪"}, {"id": "113013", "pId": "113010", "name": "地球的运动"}, {"id": "113014", "pId": "113011", "name": "地图三要素及阅读"}, {"id": "113015", "pId": "113011", "name": "地形图的判读"}, {"id": "113020", "pId": "113016", "name": "大洲和大洋"}, {"id": "113021", "pId": "113016", "name": "海陆变迁与板块构造学说"}, {"id": "113022", "pId": "113016", "name": "陆地地形和海底地形"}, {"id": "113023", "pId": "113017", "name": "气候要素及其形成与变化"}, {"id": "113024", "pId": "113017", "name": "气候对人类活动的影响"}, {"id": "113025", "pId": "113018", "name": "世界居民及人种"}, {"id": "113026", "pId": "113018", "name": "世界聚落与国家"}, {"id": "113027", "pId": "113019", "name": "亚洲概况、分区及主要国家"}, {"id": "113028", "pId": "113019", "name": "中东及撒哈拉以南的非洲"}, {"id": "113029", "pId": "113019", "name": "欧洲西部"}, {"id": "113030", "pId": "113019", "name": "大洋洲与澳大利亚"}, {"id": "113031", "pId": "113019", "name": "北美洲与美国"}, {"id": "113032", "pId": "113019", "name": "拉丁美洲与巴西"}, {"id": "113033", "pId": "113019", "name": "极地地区"}, {"id": "113038", "pId": "113034", "name": "疆域与行政区划"}, {"id": "113039", "pId": "113034", "name": "人口与民族"}, {"id": "113040", "pId": "113035", "name": "自然环境"}, {"id": "113041", "pId": "113035", "name": "自然资源"}, {"id": "113042", "pId": "113036", "name": "农业"}, {"id": "113043", "pId": "113036", "name": "工业"}, {"id": "113044", "pId": "113036", "name": "交通运输业"}, {"id": "113045", "pId": "113036", "name": "文化"}, {"id": "113046", "pId": "113037", "name": "北方地区"}, {"id": "113047", "pId": "113037", "name": "南方地区"}, {"id": "113048", "pId": "113037", "name": "西北地区"}, {"id": "113049", "pId": "113037", "name": "青藏地区"}]