[{"id": "112768", "pId": "110876", "name": "物质构成的奥秘"}, {"id": "112769", "pId": "110876", "name": "身边的化学物质"}, {"id": "112770", "pId": "110876", "name": "化学与社会发展"}, {"id": "112771", "pId": "110876", "name": "化学基本实验和科学探究"}, {"id": "112772", "pId": "112768", "name": "物质的分类"}, {"id": "112773", "pId": "112768", "name": "物质的变化"}, {"id": "112774", "pId": "112768", "name": "微粒构成物质"}, {"id": "112775", "pId": "112768", "name": "化学式与化合价"}, {"id": "112776", "pId": "112768", "name": "质量守恒定律"}, {"id": "112777", "pId": "112768", "name": "化学方程式"}, {"id": "112778", "pId": "112768", "name": "元素和元素周期表"}, {"id": "112779", "pId": "112768", "name": "化学计算"}, {"id": "112780", "pId": "112769", "name": "我们周围的空气"}, {"id": "112781", "pId": "112769", "name": "水"}, {"id": "112782", "pId": "112769", "name": "碳和碳的化合物"}, {"id": "112783", "pId": "112769", "name": "金属和金属矿物"}, {"id": "112784", "pId": "112769", "name": "常见的酸和碱"}, {"id": "112785", "pId": "112769", "name": "盐和化学肥料"}, {"id": "112786", "pId": "112769", "name": "无机推断"}, {"id": "112807", "pId": "112770", "name": "化学与能源资源的利用"}, {"id": "112808", "pId": "112770", "name": "化学物质与健康"}, {"id": "112809", "pId": "112770", "name": "有机合成材料"}, {"id": "112810", "pId": "112770", "name": "化学与环境"}, {"id": "112818", "pId": "112771", "name": "基本仪器和操作"}, {"id": "112819", "pId": "112771", "name": "常见气体的制备及净化"}, {"id": "112820", "pId": "112771", "name": "物质的检验"}, {"id": "112821", "pId": "112771", "name": "物质的分离与提纯"}, {"id": "112822", "pId": "112771", "name": "实验方案设计"}, {"id": "112823", "pId": "112771", "name": "实验探究"}, {"id": "112787", "pId": "112780", "name": "空气"}, {"id": "112788", "pId": "112780", "name": "氧气"}, {"id": "112789", "pId": "112780", "name": "氧气的制法"}, {"id": "112790", "pId": "112781", "name": "水、水的组成"}, {"id": "112791", "pId": "112781", "name": "水的净化及爱护水资源"}, {"id": "112792", "pId": "112781", "name": "溶液"}, {"id": "112793", "pId": "112781", "name": "溶解度"}, {"id": "112794", "pId": "112781", "name": "溶液的配置"}, {"id": "112795", "pId": "112781", "name": "溶质的质量分数(计算)"}, {"id": "112796", "pId": "112782", "name": "碳单质"}, {"id": "112797", "pId": "112782", "name": "碳的氧化物"}, {"id": "112798", "pId": "112782", "name": "碳的化合物"}, {"id": "112799", "pId": "112783", "name": "金属材料"}, {"id": "112800", "pId": "112783", "name": "金属的性质"}, {"id": "112801", "pId": "112783", "name": "金属资源利用及保护"}, {"id": "112802", "pId": "112784", "name": "溶液的酸碱性"}, {"id": "112803", "pId": "112784", "name": "常见的酸和碱"}, {"id": "112804", "pId": "112784", "name": "中和反应"}, {"id": "112805", "pId": "112785", "name": "常见的盐"}, {"id": "112806", "pId": "112785", "name": "化学肥料"}, {"id": "112811", "pId": "112807", "name": "燃烧和灭火"}, {"id": "112812", "pId": "112807", "name": "燃料和热量"}, {"id": "112813", "pId": "112807", "name": "化石燃料和新能源"}, {"id": "112814", "pId": "112808", "name": "人类重要的营养物质"}, {"id": "112815", "pId": "112808", "name": "化学物质对人体的危害"}, {"id": "112816", "pId": "112809", "name": "合成材料"}, {"id": "112817", "pId": "112809", "name": "合成材料对环境的危害"}]