[{"id": "112884", "pId": "110879", "name": "中国古代史 "}, {"id": "112885", "pId": "110879", "name": "中国近代史"}, {"id": "112886", "pId": "110879", "name": "中国现代史"}, {"id": "112887", "pId": "110879", "name": "世界古代史"}, {"id": "112888", "pId": "110879", "name": "世界近代史"}, {"id": "112889", "pId": "110879", "name": "世界现代史"}, {"id": "112890", "pId": "112884", "name": "中华文明的起源、国家的产生和社会变革"}, {"id": "112891", "pId": "112884", "name": "统一国家的建立、政权的分立与民族融合"}, {"id": "112892", "pId": "112884", "name": "繁荣开放的社会、经济重心的南移和民族关系的发展"}, {"id": "112893", "pId": "112884", "name": "统一多民族国家的巩固和社会的危机"}, {"id": "112894", "pId": "112884", "name": "中国古代的科学技术与思想文化"}, {"id": "112918", "pId": "112885", "name": "列强的侵略与中国人民的反抗"}, {"id": "112919", "pId": "112885", "name": "近代化的探索"}, {"id": "112920", "pId": "112885", "name": "新民主主义革命的兴起"}, {"id": "112921", "pId": "112885", "name": "中华民族的抗日战争与解放战争的胜利"}, {"id": "112922", "pId": "112885", "name": "中国近代经济和社会生活、科学技术与思想文化"}, {"id": "112940", "pId": "112886", "name": "中华人民共和国成立与巩固"}, {"id": "112941", "pId": "112886", "name": "社会主义建设道路的探索"}, {"id": "112942", "pId": "112886", "name": "建设有中国特色的社会主义"}, {"id": "112943", "pId": "112886", "name": "民族团结与祖国统一、国防建设与外交成就"}, {"id": "112944", "pId": "112886", "name": "中国现代科技、教育与文化"}, {"id": "112963", "pId": "112887", "name": "上古人类文明和中古亚欧文明"}, {"id": "112964", "pId": "112887", "name": "文明的传播与发展"}, {"id": "112972", "pId": "112888", "name": "新航路开辟与殖民扩张和欧美主要国家的社会巨变"}, {"id": "112973", "pId": "112888", "name": "无产阶级斗争与资产阶级统治的加强"}, {"id": "112974", "pId": "112888", "name": "垄断资本主义时代的世界"}, {"id": "112975", "pId": "112888", "name": "世界近代科技、思想与文化"}, {"id": "112991", "pId": "112889", "name": "一战后的东西方世界"}, {"id": "112992", "pId": "112889", "name": "二战及战后世界格局的演变"}, {"id": "112993", "pId": "112889", "name": "世界现代科学技术与文化"}, {"id": "112895", "pId": "112890", "name": "祖国境内的远古居民"}, {"id": "112896", "pId": "112890", "name": "夏、商、西周的更替与分封制"}, {"id": "112897", "pId": "112890", "name": "春秋五霸与战国七雄"}, {"id": "112898", "pId": "112890", "name": "战国时期的社会变革"}, {"id": "112899", "pId": "112891", "name": "秦的统一与灭亡"}, {"id": "112900", "pId": "112891", "name": "汉武帝的大一统"}, {"id": "112901", "pId": "112891", "name": "汉朝的经济"}, {"id": "112902", "pId": "112891", "name": "汉朝的民族关系与对外关系"}, {"id": "112903", "pId": "112891", "name": "三国鼎立的形成"}, {"id": "112904", "pId": "112891", "name": "江南地区的开发"}, {"id": "112905", "pId": "112891", "name": "北魏孝文帝改革"}, {"id": "112906", "pId": "112892", "name": "隋朝的统一与唐朝的政治统治"}, {"id": "112907", "pId": "112892", "name": "科举制"}, {"id": "112908", "pId": "112892", "name": "唐朝的民族关系与对外关系"}, {"id": "112909", "pId": "112892", "name": "辽、宋、西夏、金等政权的并立"}, {"id": "112910", "pId": "112892", "name": "两宋时期的经济和社会风貌"}, {"id": "112911", "pId": "112892", "name": "蒙古的兴起和元朝的建立"}, {"id": "112912", "pId": "112893", "name": "明清专制主义中央集权的加强"}, {"id": "112913", "pId": "112893", "name": "明清经济的发展"}, {"id": "112914", "pId": "112893", "name": "明清时期的民族关系与对外关系"}, {"id": "112915", "pId": "112894", "name": "百家争鸣"}, {"id": "112916", "pId": "112894", "name": "科学技术"}, {"id": "112917", "pId": "112894", "name": "文化艺术"}, {"id": "112923", "pId": "112918", "name": "鸦片战争"}, {"id": "112924", "pId": "112918", "name": "第二次鸦片战争"}, {"id": "112925", "pId": "112918", "name": "甲午中日战争"}, {"id": "112926", "pId": "112918", "name": "八国联军侵华战争"}, {"id": "112927", "pId": "112918", "name": "中国人民的抗争"}, {"id": "112928", "pId": "112919", "name": "洋务运动"}, {"id": "112929", "pId": "112919", "name": "戊戌变法"}, {"id": "112930", "pId": "112919", "name": "辛亥革命"}, {"id": "112931", "pId": "112919", "name": "新文化运动"}, {"id": "112932", "pId": "112920", "name": "五四运动和中国共产党的成立"}, {"id": "112933", "pId": "112920", "name": "北伐战争"}, {"id": "112934", "pId": "112920", "name": "国共十年对峙"}, {"id": "112935", "pId": "112921", "name": "抗日战争"}, {"id": "112936", "pId": "112921", "name": "人民解放战争"}, {"id": "112937", "pId": "112922", "name": "中国近代民族工业的发展"}, {"id": "112938", "pId": "112922", "name": "近代社会生活"}, {"id": "112939", "pId": "112922", "name": "科技、教育、思想文化"}, {"id": "112945", "pId": "112940", "name": "新中国的成立"}, {"id": "112946", "pId": "112940", "name": "西藏的和平解放"}, {"id": "112947", "pId": "112940", "name": "抗美援朝"}, {"id": "112948", "pId": "112940", "name": "土地改革"}, {"id": "112949", "pId": "112941", "name": "第一个五年计划"}, {"id": "112950", "pId": "112941", "name": "《中华人民共和国宪法》"}, {"id": "112951", "pId": "112941", "name": "三大改造"}, {"id": "112952", "pId": "112941", "name": "“大跃进”和人民公社化运动"}, {"id": "112953", "pId": "112941", "name": "“文化大革命”"}, {"id": "112954", "pId": "112942", "name": "中共十一届三中全会与民主法制建设"}, {"id": "112955", "pId": "112942", "name": "改革开放"}, {"id": "112956", "pId": "112942", "name": "中国特色社会主义理论"}, {"id": "112957", "pId": "112943", "name": "民族团结"}, {"id": "112958", "pId": "112943", "name": "“一国两制”"}, {"id": "112959", "pId": "112943", "name": "新中国的国防建设与外交"}, {"id": "112960", "pId": "112944", "name": "科技成就"}, {"id": "112961", "pId": "112944", "name": "教育与文化"}, {"id": "112962", "pId": "112944", "name": "社会生活"}, {"id": "112965", "pId": "112963", "name": "大河流域与四大文明古国"}, {"id": "112966", "pId": "112963", "name": "西方民主政治的源头"}, {"id": "112967", "pId": "112963", "name": "日本大化改新和阿拉伯国家的建立"}, {"id": "112968", "pId": "112963", "name": "西欧封建社会与西欧城市的兴起"}, {"id": "112969", "pId": "112964", "name": "古代世界的战争与征服"}, {"id": "112970", "pId": "112964", "name": "东西方文化交流"}, {"id": "112971", "pId": "112964", "name": "古代科技与思想文化"}, {"id": "112976", "pId": "112972", "name": "文艺复兴"}, {"id": "112977", "pId": "112972", "name": "新航路开辟"}, {"id": "112978", "pId": "112972", "name": "殖民扩张与殖民地人民的抗争"}, {"id": "112979", "pId": "112972", "name": "英、法、美资产阶级革命"}, {"id": "112980", "pId": "112972", "name": "工业革命"}, {"id": "112981", "pId": "112973", "name": "国际工人运动与《共产党宣言》"}, {"id": "112982", "pId": "112973", "name": "巴黎公社"}, {"id": "112983", "pId": "112973", "name": "美国南北战争"}, {"id": "112984", "pId": "112973", "name": "俄国农奴制改革"}, {"id": "112985", "pId": "112973", "name": "日本明治维新"}, {"id": "112986", "pId": "112974", "name": "第二次工业革命"}, {"id": "112987", "pId": "112974", "name": "第一次世界大战"}, {"id": "112988", "pId": "112975", "name": "启蒙运动"}, {"id": "112989", "pId": "112975", "name": "近代科技"}, {"id": "112990", "pId": "112975", "name": "近代文化"}, {"id": "112994", "pId": "112991", "name": "十月革命及苏联社会主义道路的探索"}, {"id": "112995", "pId": "112991", "name": "凡尔赛—华盛顿体系"}, {"id": "112996", "pId": "112991", "name": "经济大危机与罗斯福新政"}, {"id": "112997", "pId": "112991", "name": "德意日法西斯"}, {"id": "112998", "pId": "112992", "name": "第二次世界大战"}, {"id": "112999", "pId": "112992", "name": "冷战与美苏争霸"}, {"id": "113000", "pId": "112992", "name": "战后美、日、欧等国的发展变化"}, {"id": "113001", "pId": "112992", "name": "亚、非、拉美的民族独立与振兴"}, {"id": "113002", "pId": "112992", "name": "苏联和东欧社会主义国家的改革与演变"}, {"id": "113003", "pId": "112992", "name": "政治格局的多极化趋势"}, {"id": "113004", "pId": "112992", "name": "世界经济全球化"}, {"id": "113005", "pId": "112993", "name": "第三次科技革命"}, {"id": "113006", "pId": "112993", "name": "文学和美术、音乐和电影"}]