[{"id": "113145", "pId": "110877", "name": "生物和生物圈"}, {"id": "113146", "pId": "110877", "name": "生物体的结构层次"}, {"id": "113147", "pId": "110877", "name": "生物圈中的绿色植物"}, {"id": "113148", "pId": "110877", "name": "生物圈中的人"}, {"id": "113149", "pId": "110877", "name": "生物圈中的其他生物"}, {"id": "113150", "pId": "110877", "name": "生物多样性及其保护"}, {"id": "113151", "pId": "110877", "name": "生物圈中生命的延续和发展"}, {"id": "113152", "pId": "110877", "name": "健康地生活"}, {"id": "113153", "pId": "110877", "name": "生物技术"}, {"id": "113154", "pId": "113145", "name": "生物的特征"}, {"id": "113155", "pId": "113145", "name": "调查周边环境中的生物"}, {"id": "113156", "pId": "113145", "name": "生物与环境的关系"}, {"id": "113157", "pId": "113145", "name": "生态系统的组成"}, {"id": "113158", "pId": "113145", "name": "食物链与食物网"}, {"id": "113159", "pId": "113146", "name": "练习使用显微镜"}, {"id": "113160", "pId": "113146", "name": "植物细胞"}, {"id": "113161", "pId": "113146", "name": "动物细胞"}, {"id": "113162", "pId": "113146", "name": "细胞的生活"}, {"id": "113163", "pId": "113146", "name": "细胞通过分裂产生新细胞"}, {"id": "113164", "pId": "113146", "name": "动物体的结构层次"}, {"id": "113165", "pId": "113146", "name": "植物体的结构层次"}, {"id": "113166", "pId": "113146", "name": "单细胞生物"}, {"id": "113167", "pId": "113147", "name": "藻类、苔藓和蕨类植物"}, {"id": "113168", "pId": "113147", "name": "种子植物"}, {"id": "113169", "pId": "113147", "name": "种子的萌发"}, {"id": "113170", "pId": "113147", "name": "植株的生长"}, {"id": "113171", "pId": "113147", "name": "开花和结果"}, {"id": "113172", "pId": "113147", "name": "植物的生活需要无机盐"}, {"id": "113173", "pId": "113147", "name": "植物的蒸腾作用"}, {"id": "113174", "pId": "113147", "name": "生物圈的水循环"}, {"id": "113175", "pId": "113147", "name": "绿色植物的光合作用"}, {"id": "113176", "pId": "113147", "name": "绿色植物的呼吸作用"}, {"id": "113177", "pId": "113147", "name": "爱护植被，绿化祖国"}, {"id": "113178", "pId": "113148", "name": "人类的起源和发展"}, {"id": "113179", "pId": "113148", "name": "人的生殖"}, {"id": "113180", "pId": "113148", "name": "青春期"}, {"id": "113181", "pId": "113148", "name": "食物中的营养物质"}, {"id": "113182", "pId": "113148", "name": "消化和吸收"}, {"id": "113183", "pId": "113148", "name": "合理营养与食品安全"}, {"id": "113184", "pId": "113148", "name": "人体的呼吸"}, {"id": "113185", "pId": "113148", "name": "物质运输的载体、通道和泵"}, {"id": "113186", "pId": "113148", "name": "输血和血型"}, {"id": "113187", "pId": "113148", "name": "血液循环"}, {"id": "113188", "pId": "113148", "name": "人体内废物的排除"}, {"id": "113189", "pId": "113148", "name": "人体对外界系统的感知"}, {"id": "113190", "pId": "113148", "name": "神经系统及神经调节"}, {"id": "113191", "pId": "113148", "name": "激素调节"}, {"id": "113192", "pId": "113148", "name": "人类活动对生物圈的影响"}, {"id": "113193", "pId": "113149", "name": "动物的主要类群"}, {"id": "113194", "pId": "113149", "name": "动物的运动"}, {"id": "113195", "pId": "113149", "name": "先天性行为和学习行为"}, {"id": "113196", "pId": "113149", "name": "动物在自然界中的作用"}, {"id": "113197", "pId": "113149", "name": "动物与人类的关系"}, {"id": "113198", "pId": "113149", "name": "细菌和真菌"}, {"id": "113199", "pId": "113149", "name": "细菌和真菌的作用"}, {"id": "113200", "pId": "113149", "name": "病毒"}, {"id": "113201", "pId": "113150", "name": "根据生物的特征进行分类"}, {"id": "113202", "pId": "113150", "name": "认识和保护生物多样性"}, {"id": "113203", "pId": "113151", "name": "绿色开花植物的一生"}, {"id": "113204", "pId": "113151", "name": "昆虫的一生"}, {"id": "113205", "pId": "113151", "name": "两栖动物的一生"}, {"id": "113206", "pId": "113151", "name": "鸟的生殖和发育"}, {"id": "113207", "pId": "113151", "name": "基因控制生物的性状"}, {"id": "113208", "pId": "113151", "name": "人的性别遗传"}, {"id": "113209", "pId": "113151", "name": "生物的变异"}, {"id": "113210", "pId": "113151", "name": "生物的进化"}, {"id": "113211", "pId": "113152", "name": "传染病及其预防"}, {"id": "113212", "pId": "113152", "name": "免疫与计划免疫"}, {"id": "113213", "pId": "113152", "name": "用药和急救"}, {"id": "113214", "pId": "113152", "name": "了解自己增进健康"}, {"id": "113215", "pId": "113153", "name": "生活中的生物技术"}, {"id": "113216", "pId": "113153", "name": "现代生物技术"}]