[{"id": "112518", "pId": "110873", "name": "一、数与式"}, {"id": "112519", "pId": "110873", "name": "二、方程（组）与不等式（组）"}, {"id": "112520", "pId": "110873", "name": "三、函数及其图象"}, {"id": "112521", "pId": "110873", "name": "四、图形的认识"}, {"id": "113484", "pId": "110873", "name": "五、三角形"}, {"id": "113485", "pId": "110873", "name": "六、四边形"}, {"id": "113486", "pId": "110873", "name": "七、圆"}, {"id": "113487", "pId": "110873", "name": "八、图形与变换"}, {"id": "113488", "pId": "110873", "name": "九、统计与概率"}, {"id": "112526", "pId": "112518", "name": "1.1实数"}, {"id": "112532", "pId": "112518", "name": "1.2代数式"}, {"id": "112533", "pId": "112518", "name": "1.3整式"}, {"id": "112534", "pId": "112518", "name": "1.4分式"}, {"id": "112535", "pId": "112518", "name": "1.5二次根式"}, {"id": "112543", "pId": "112519", "name": "2.1一次方程（组）"}, {"id": "112544", "pId": "112519", "name": "2.2 一元一次不等式（组）"}, {"id": "112545", "pId": "112519", "name": "2.3分式方程"}, {"id": "112546", "pId": "112519", "name": "2.4 一元二次方程"}, {"id": "112557", "pId": "112520", "name": "3.1 函数初步知识"}, {"id": "112558", "pId": "112520", "name": "3.2 一次函数"}, {"id": "112559", "pId": "112520", "name": "3.3 反比例函数"}, {"id": "112560", "pId": "112520", "name": "3.4一次函数、反比例函数的综合应用"}, {"id": "113477", "pId": "112520", "name": "3.5 二次函数"}, {"id": "112567", "pId": "112521", "name": "4.1 几何图形"}, {"id": "113481", "pId": "112521", "name": "4.2 直线、射线、线段"}, {"id": "113482", "pId": "112521", "name": "4.3 相交线、平行线与角"}, {"id": "113483", "pId": "112521", "name": "4.4 平行的判定和性质"}, {"id": "113489", "pId": "113484", "name": "5.1  三角形及其全等"}, {"id": "113491", "pId": "113484", "name": "5.2 等腰三角形、直角三角形"}, {"id": "113492", "pId": "113484", "name": "5.3 解直角三角形"}, {"id": "113502", "pId": "113485", "name": "6.1 多边形的概念及性质"}, {"id": "113503", "pId": "113485", "name": "6.2 平行四边形的性质及判定"}, {"id": "113504", "pId": "113485", "name": "6.3 特殊的平行四边形"}, {"id": "113505", "pId": "113485", "name": "6.4 梯形"}, {"id": "113509", "pId": "113486", "name": "7.1 圆的基本性质"}, {"id": "113510", "pId": "113486", "name": "7.2 与圆有关的位置关系"}, {"id": "113511", "pId": "113486", "name": "7.3 与圆有关的计算"}, {"id": "113512", "pId": "113486", "name": "7.4多边形和圆的关系"}, {"id": "113523", "pId": "113487", "name": "8.1 轴对称"}, {"id": "113524", "pId": "113487", "name": "8.2 图形的平移、旋转"}, {"id": "113525", "pId": "113487", "name": "8.3 图形的相似"}, {"id": "113526", "pId": "113487", "name": "8.4尺规作图"}, {"id": "113527", "pId": "113487", "name": "8.5 投影与视图"}, {"id": "113532", "pId": "113488", "name": "9.1数据的收集与整理"}, {"id": "113533", "pId": "113488", "name": "9.2数据的分析"}, {"id": "113534", "pId": "113488", "name": "9.3事件、频率与概率"}, {"id": "113535", "pId": "113488", "name": "9.4概率的计算"}, {"id": "113536", "pId": "113488", "name": "9.5概率的应用"}, {"id": "112527", "pId": "112526", "name": "1.1.1实数的概念及分类"}, {"id": "112528", "pId": "112526", "name": "1.1.2科学记数法、近似数和有效数字"}, {"id": "112529", "pId": "112526", "name": "1.1.3平方根、算术平方根、立方根"}, {"id": "112530", "pId": "112526", "name": "1.1.4实数大小比较"}, {"id": "112531", "pId": "112526", "name": "1.1.5实数的运算"}, {"id": "113470", "pId": "112532", "name": "1.2.1列代数式"}, {"id": "113471", "pId": "112532", "name": "1.2.2代数式求值"}, {"id": "112536", "pId": "112533", "name": "1.3.1整式的加减运算"}, {"id": "112537", "pId": "112533", "name": "1.3.2整式的乘除运算"}, {"id": "113472", "pId": "112533", "name": "1.3.3因式分解"}, {"id": "112539", "pId": "112534", "name": "1.4.1分式的概念及性质"}, {"id": "112540", "pId": "112534", "name": "1.4.2分式的运算"}, {"id": "112541", "pId": "112535", "name": "1.5.1二次根式的概念"}, {"id": "112542", "pId": "112535", "name": "1.5.2二次根式的性质"}, {"id": "113473", "pId": "112535", "name": "1.5.3 二次根式的运算"}, {"id": "112547", "pId": "112543", "name": "2.1.1 一元一次方程及其解法"}, {"id": "112548", "pId": "112543", "name": "2.1.2 二元一次方程组及其解法"}, {"id": "112549", "pId": "112543", "name": "2.1.3 一次方程（组）的应用"}, {"id": "112550", "pId": "112544", "name": "2.2.1 不等式的概念及性质"}, {"id": "112551", "pId": "112544", "name": "2.2.2 一元一次不等式（组）的解法"}, {"id": "112552", "pId": "112544", "name": "2.2.3 一元一次不等式（组）的应用"}, {"id": "112553", "pId": "112545", "name": "2.3.1 分式方程及其解法"}, {"id": "112554", "pId": "112545", "name": "2.3.2 分式方程的应用"}, {"id": "112555", "pId": "112546", "name": "2.4.1 一元二次方程及其解法"}, {"id": "112556", "pId": "112546", "name": "2.4.2 一元二次方程的实际应用"}, {"id": "113474", "pId": "112557", "name": "3.1.1平面直角坐标系"}, {"id": "113475", "pId": "112557", "name": "3.1.2 函数的定义及表示法"}, {"id": "112561", "pId": "112558", "name": "3.2.1 正比例函数"}, {"id": "112562", "pId": "112558", "name": "3.2.2一次函数的图象及其性质"}, {"id": "113476", "pId": "112558", "name": "3.2.3 一次函数的实际应用"}, {"id": "112563", "pId": "112559", "name": "3.3.1 反比例函数的图象及其性质"}, {"id": "112564", "pId": "112559", "name": "3.3.2 反比例函数的实际应用"}, {"id": "113478", "pId": "113477", "name": "3.5.1 二次函数的表示方法及其图象"}, {"id": "113479", "pId": "113477", "name": "3.5.2 二次函数与一元二次方程、不等式的联系"}, {"id": "113480", "pId": "113477", "name": "3.5.3 二次函数的实际应用"}, {"id": "112572", "pId": "112567", "name": "4.1.1 平面图形与立体图形"}, {"id": "112573", "pId": "112567", "name": "4.1.2 立体图形的展开与折叠"}, {"id": "113493", "pId": "113489", "name": "5.1.1 三角形的性质与分类"}, {"id": "113494", "pId": "113489", "name": "5.1.2 三角形的高线、中线、角平分线"}, {"id": "113495", "pId": "113489", "name": "5.1.3 全等三角形的性质及判定"}, {"id": "113496", "pId": "113491", "name": "5.2.1 等腰三角形的性质及判定"}, {"id": "113497", "pId": "113491", "name": "5.2.2 等边三角形的性质及判定"}, {"id": "113498", "pId": "113491", "name": "5.2.3 直角三角形的性质"}, {"id": "113499", "pId": "113491", "name": "5.2.4 勾股定理及其逆定理"}, {"id": "113500", "pId": "113492", "name": "5.3.1 锐角三角函数"}, {"id": "113501", "pId": "113492", "name": "5.3.2 解直角三角形及其应用"}, {"id": "113506", "pId": "113504", "name": "6.3.1 矩形的性质及判定"}, {"id": "113507", "pId": "113504", "name": "6.3.2 菱形的性质及判定"}, {"id": "113508", "pId": "113504", "name": "6.3.3 正方形的性质及判定"}, {"id": "113513", "pId": "113509", "name": "7.1.1 弦、弧、圆心角的关系"}, {"id": "113514", "pId": "113509", "name": "7.1.2 垂径定理及推论"}, {"id": "113515", "pId": "113509", "name": "7.1.3 圆周角定理及推论"}, {"id": "113516", "pId": "113510", "name": "7.2.1 点与圆的位置关系"}, {"id": "113517", "pId": "113510", "name": "7.2.2 直线与圆的位置关系"}, {"id": "113518", "pId": "113510", "name": "7.2.3 切线的性质及判定"}, {"id": "113519", "pId": "113511", "name": "7.3.1 弧长、扇形面积的计算"}, {"id": "113520", "pId": "113511", "name": "7.3.2 圆柱、圆锥的相关计算"}, {"id": "113521", "pId": "113512", "name": "7.4.1三角形的外接圆与内切圆"}, {"id": "113522", "pId": "113512", "name": "7.4.2多边形的外接圆"}, {"id": "113528", "pId": "113525", "name": "8.3.1 比例线段与黄金分割"}, {"id": "113529", "pId": "113525", "name": "8.3.2 平行线分线段成比例"}, {"id": "113530", "pId": "113525", "name": "8.3.3 相似三角形和相似多边形"}, {"id": "113531", "pId": "113525", "name": "8.3.4 位似图形"}, {"id": "113537", "pId": "113532", "name": "9.1.1全面调查与抽样调查"}, {"id": "113538", "pId": "113532", "name": "9.1.2总体、个体、样本与样本容量"}, {"id": "113539", "pId": "113532", "name": "9.1.3样本估计总体"}, {"id": "113540", "pId": "113533", "name": "9.2.1平均数、众数、中位数"}, {"id": "113541", "pId": "113533", "name": "9.2.2极差、方差、标准差"}]