[{"id": "112697", "pId": "110875", "name": "力学"}, {"id": "112698", "pId": "110875", "name": "热学"}, {"id": "112699", "pId": "110875", "name": "光学"}, {"id": "112700", "pId": "110875", "name": "电学"}, {"id": "112701", "pId": "110875", "name": "声现象"}, {"id": "112702", "pId": "112697", "name": "测量的初步知识"}, {"id": "112703", "pId": "112697", "name": "质量和密度"}, {"id": "112704", "pId": "112697", "name": "力和运动"}, {"id": "112705", "pId": "112697", "name": "压强和浮力"}, {"id": "112706", "pId": "112697", "name": "简单机械"}, {"id": "112707", "pId": "112697", "name": "功和机械能"}, {"id": "112725", "pId": "112698", "name": "温度和物态变化"}, {"id": "112726", "pId": "112698", "name": "热和能"}, {"id": "112727", "pId": "112698", "name": "能源和可持续发展"}, {"id": "112735", "pId": "112699", "name": "光现象"}, {"id": "112736", "pId": "112699", "name": "透镜"}, {"id": "112744", "pId": "112700", "name": "电路、电流、电压和电阻"}, {"id": "112745", "pId": "112700", "name": "欧姆定律"}, {"id": "112746", "pId": "112700", "name": "电功、电热和电功率"}, {"id": "112747", "pId": "112700", "name": "电与磁"}, {"id": "112759", "pId": "112701", "name": "声音产生传播和特性"}, {"id": "112760", "pId": "112701", "name": "噪音危害与控制"}, {"id": "112708", "pId": "112703", "name": "质量及其测量"}, {"id": "112709", "pId": "112703", "name": "密度及其测量"}, {"id": "112710", "pId": "112703", "name": "密度与生活"}, {"id": "112711", "pId": "112704", "name": "运动的基本描述"}, {"id": "112712", "pId": "112704", "name": "测量物体速度"}, {"id": "112713", "pId": "112704", "name": "重力、弹力、摩擦力"}, {"id": "112714", "pId": "112704", "name": "力的合成"}, {"id": "112715", "pId": "112704", "name": "牛顿第一定律"}, {"id": "112716", "pId": "112704", "name": "力的平衡"}, {"id": "112717", "pId": "112705", "name": "物态压强与大气压"}, {"id": "112718", "pId": "112705", "name": "连通器"}, {"id": "112719", "pId": "112705", "name": "流体压强与浮力"}, {"id": "112720", "pId": "112706", "name": "杠杆"}, {"id": "112721", "pId": "112706", "name": "滑轮"}, {"id": "112722", "pId": "112707", "name": "功和功率"}, {"id": "112723", "pId": "112707", "name": "动能、势能与机械能"}, {"id": "112724", "pId": "112707", "name": "机械效率及能量转化"}, {"id": "112728", "pId": "112725", "name": "温度"}, {"id": "112729", "pId": "112725", "name": "熔化与凝固"}, {"id": "112730", "pId": "112725", "name": "汽化与液化"}, {"id": "112731", "pId": "112725", "name": "升华与凝华"}, {"id": "112732", "pId": "112726", "name": "分子热运动与内能"}, {"id": "112733", "pId": "112726", "name": "比热容与热机"}, {"id": "112734", "pId": "112726", "name": "热机效率与能量转化"}, {"id": "112737", "pId": "112735", "name": "光的直线传播"}, {"id": "112738", "pId": "112735", "name": "光的反射"}, {"id": "112739", "pId": "112735", "name": "光的折射"}, {"id": "112740", "pId": "112735", "name": "光的色散"}, {"id": "112741", "pId": "112736", "name": "透镜成像"}, {"id": "112742", "pId": "112736", "name": "透镜的应用"}, {"id": "112743", "pId": "112736", "name": "眼睛和眼镜"}, {"id": "112748", "pId": "112744", "name": "电荷与电路"}, {"id": "112749", "pId": "112744", "name": "电流、电阻和电压"}, {"id": "112750", "pId": "112745", "name": "欧姆定律"}, {"id": "112751", "pId": "112745", "name": "电阻的测量"}, {"id": "112752", "pId": "112746", "name": "电功与电功率"}, {"id": "112753", "pId": "112746", "name": "电功率的测量"}, {"id": "112754", "pId": "112746", "name": "家庭电路与安全用电"}, {"id": "112755", "pId": "112747", "name": "磁场与磁现象"}, {"id": "112756", "pId": "112747", "name": "电生磁"}, {"id": "112757", "pId": "112747", "name": "磁生电"}, {"id": "112758", "pId": "112747", "name": "信息的传递"}, {"id": "112761", "pId": "112759", "name": "声音的产生与传播"}, {"id": "112762", "pId": "112759", "name": "声音的特性"}, {"id": "112763", "pId": "112759", "name": "超声波与次声波"}]