[{"id": "112411", "pId": "110872", "name": "基础知识积累与应用"}, {"id": "112412", "pId": "110872", "name": "名句默写"}, {"id": "112413", "pId": "110872", "name": "诗词鉴赏"}, {"id": "112414", "pId": "110872", "name": "文言文阅读"}, {"id": "112415", "pId": "110872", "name": "现代文阅读"}, {"id": "112416", "pId": "110872", "name": "写作"}, {"id": "112417", "pId": "112411", "name": "字音"}, {"id": "112418", "pId": "112411", "name": "字形"}, {"id": "112419", "pId": "112411", "name": "规范书写"}, {"id": "112420", "pId": "112411", "name": "词语（包括熟语）"}, {"id": "112421", "pId": "112411", "name": "修辞"}, {"id": "112422", "pId": "112411", "name": "语法"}, {"id": "112423", "pId": "112411", "name": "标点符号"}, {"id": "112424", "pId": "112411", "name": "病句的辨析与修改"}, {"id": "112425", "pId": "112411", "name": "扩展语句、压缩语段"}, {"id": "112426", "pId": "112411", "name": "选用、仿用、变换句式"}, {"id": "112427", "pId": "112411", "name": "句子衔接与连贯"}, {"id": "112428", "pId": "112411", "name": "语言表达简明得体"}, {"id": "112429", "pId": "112411", "name": "图文转换"}, {"id": "112430", "pId": "112411", "name": "文化文学常识"}, {"id": "112431", "pId": "112411", "name": "名著阅读"}, {"id": "112432", "pId": "112411", "name": "综合性学习"}, {"id": "112433", "pId": "112412", "name": "直接型默写"}, {"id": "112434", "pId": "112412", "name": "理解型默写"}, {"id": "112435", "pId": "112413", "name": "诗"}, {"id": "112436", "pId": "112413", "name": "词"}, {"id": "112437", "pId": "112413", "name": "曲"}, {"id": "112438", "pId": "112414", "name": "人物传记类"}, {"id": "112439", "pId": "112414", "name": "历史事件类"}, {"id": "112440", "pId": "112414", "name": "散文类"}, {"id": "112441", "pId": "112414", "name": "公文类"}, {"id": "112442", "pId": "112415", "name": "记叙类文本阅读（含小说、散文）"}, {"id": "112443", "pId": "112415", "name": "说明类文本阅读"}, {"id": "112444", "pId": "112415", "name": "议论类文本阅读"}, {"id": "112445", "pId": "112416", "name": "情境作文"}, {"id": "112446", "pId": "112416", "name": "全命题作文"}, {"id": "112447", "pId": "112416", "name": "半命题作文"}, {"id": "112448", "pId": "112416", "name": "材料作文"}, {"id": "112449", "pId": "112416", "name": "话题作文"}]