[{"id": "112616", "pId": "110874", "name": "单项选择"}, {"id": "112617", "pId": "110874", "name": "完形填空"}, {"id": "112618", "pId": "110874", "name": "阅读理解"}, {"id": "112619", "pId": "110874", "name": "交际运用"}, {"id": "112620", "pId": "110874", "name": "词汇运用"}, {"id": "112621", "pId": "110874", "name": "句型转换"}, {"id": "112622", "pId": "110874", "name": "句子翻译"}, {"id": "112623", "pId": "110874", "name": "改错"}, {"id": "112624", "pId": "110874", "name": "书面表达"}, {"id": "112625", "pId": "110874", "name": "特殊题型"}, {"id": "113436", "pId": "110874", "name": "听力"}, {"id": "112626", "pId": "112616", "name": "名词"}, {"id": "112627", "pId": "112616", "name": "冠词"}, {"id": "112631", "pId": "112616", "name": "代词"}, {"id": "112635", "pId": "112616", "name": "数词"}, {"id": "112639", "pId": "112616", "name": "形容词"}, {"id": "112642", "pId": "112616", "name": "副词"}, {"id": "112645", "pId": "112616", "name": "介词和介词短语"}, {"id": "112648", "pId": "112616", "name": "动词和动词短语"}, {"id": "112651", "pId": "112616", "name": "动词的时态和语态"}, {"id": "112660", "pId": "112616", "name": "非谓语动词"}, {"id": "112664", "pId": "112616", "name": "情态动词"}, {"id": "112665", "pId": "112616", "name": "主谓一致"}, {"id": "112666", "pId": "112616", "name": "交际用语"}, {"id": "112667", "pId": "112616", "name": "简单句"}, {"id": "112673", "pId": "112616", "name": "并列句"}, {"id": "112674", "pId": "112616", "name": "复合句"}, {"id": "112678", "pId": "112617", "name": "记叙文"}, {"id": "112679", "pId": "112617", "name": "说明文"}, {"id": "112680", "pId": "112617", "name": "应用文"}, {"id": "112681", "pId": "112618", "name": "选择型阅读"}, {"id": "112682", "pId": "112618", "name": "判断正误型阅读"}, {"id": "112683", "pId": "112618", "name": "任务型阅读"}, {"id": "112684", "pId": "112620", "name": "首字母"}, {"id": "112685", "pId": "112620", "name": "汉语提示/汉语提示的适当形式"}, {"id": "112686", "pId": "112620", "name": "选词/用单词的适当形式"}, {"id": "112687", "pId": "112620", "name": "根据语境"}, {"id": "112688", "pId": "112620", "name": "综合类（包含汉语提示/首字母/音标/语境）"}, {"id": "112689", "pId": "112622", "name": "英译汉"}, {"id": "112690", "pId": "112622", "name": "汉译英"}, {"id": "112691", "pId": "112622", "name": "英汉互译"}, {"id": "112692", "pId": "112624", "name": "应用文类"}, {"id": "112693", "pId": "112624", "name": "看图类"}, {"id": "112694", "pId": "112624", "name": "提纲类"}, {"id": "112695", "pId": "112624", "name": "命题类"}, {"id": "112696", "pId": "112624", "name": "其他"}, {"id": "124118", "pId": "113436", "name": "短对话"}, {"id": "124119", "pId": "113436", "name": "长对话"}, {"id": "124120", "pId": "113436", "name": "独白"}, {"id": "124121", "pId": "113436", "name": "填空"}, {"id": "124122", "pId": "113436", "name": "句子理解"}, {"id": "124123", "pId": "113436", "name": "其他"}, {"id": "112628", "pId": "112627", "name": "不定冠词"}, {"id": "112629", "pId": "112627", "name": "定冠词"}, {"id": "112630", "pId": "112627", "name": "零冠词"}, {"id": "112632", "pId": "112631", "name": "人称代词、物主代词、反身代词"}, {"id": "112633", "pId": "112631", "name": "指示代词、疑问代词、it的用法"}, {"id": "112634", "pId": "112631", "name": "不定代词"}, {"id": "112636", "pId": "112635", "name": "基数词和序数词"}, {"id": "112637", "pId": "112635", "name": "分数、小数、百分数"}, {"id": "112638", "pId": "112635", "name": "世纪、年代和年月日表示法"}, {"id": "113434", "pId": "112635", "name": "数量表示法"}, {"id": "113435", "pId": "112635", "name": "时刻表示法"}, {"id": "112640", "pId": "112639", "name": "形容词的用法"}, {"id": "112641", "pId": "112639", "name": "形容词的比较等级"}, {"id": "112643", "pId": "112642", "name": "副词的用法"}, {"id": "112644", "pId": "112642", "name": "副词的比较等级"}, {"id": "112646", "pId": "112645", "name": "介词辨析"}, {"id": "112647", "pId": "112645", "name": "介词短语辨析"}, {"id": "112649", "pId": "112648", "name": "动词辨析"}, {"id": "112650", "pId": "112648", "name": "动词短语辨析"}, {"id": "112652", "pId": "112651", "name": "一般现在时"}, {"id": "112653", "pId": "112651", "name": "一般过去时"}, {"id": "112654", "pId": "112651", "name": "一般将来时"}, {"id": "112655", "pId": "112651", "name": "过去将来时"}, {"id": "112656", "pId": "112651", "name": "过去进行时"}, {"id": "112657", "pId": "112651", "name": "过去完成时"}, {"id": "112658", "pId": "112651", "name": "现在进行时"}, {"id": "112659", "pId": "112651", "name": "现在完成时"}, {"id": "112661", "pId": "112660", "name": "动词不定式"}, {"id": "112662", "pId": "112660", "name": "动名词"}, {"id": "112663", "pId": "112660", "name": "分词（现在分词，过去分词）"}, {"id": "112668", "pId": "112667", "name": "陈述句"}, {"id": "112669", "pId": "112667", "name": "感叹句"}, {"id": "112670", "pId": "112667", "name": "疑问句（一般、特殊、选择、反意）"}, {"id": "112671", "pId": "112667", "name": "祈使句"}, {"id": "112672", "pId": "112667", "name": "倒装句"}, {"id": "112675", "pId": "112674", "name": "状语从句"}, {"id": "112676", "pId": "112674", "name": "宾语从句"}, {"id": "112677", "pId": "112674", "name": "定语从句"}]