[{"id": "113446", "pId": "110878", "name": "笑迎新生活"}, {"id": "113447", "pId": "110878", "name": "认识新自我"}, {"id": "113448", "pId": "110878", "name": "过富有情趣的生活"}, {"id": "113449", "pId": "110878", "name": "过健康、安全的生活"}, {"id": "113450", "pId": "110878", "name": "做自尊自信的人"}, {"id": "113451", "pId": "110878", "name": "做自立自强的人"}, {"id": "113452", "pId": "110878", "name": "做意志坚强的人"}, {"id": "113453", "pId": "110878", "name": "做知法守法用法的人"}, {"id": "113454", "pId": "110878", "name": "相亲相爱一家人"}, {"id": "113455", "pId": "110878", "name": "师友结伴同行"}, {"id": "113456", "pId": "110878", "name": "我们的朋友遍天下"}, {"id": "113457", "pId": "110878", "name": "交往艺术新思维"}, {"id": "113458", "pId": "110878", "name": "权利义务伴我行"}, {"id": "113459", "pId": "110878", "name": "我们的人身权利"}, {"id": "113460", "pId": "110878", "name": "我们的文化、经济权利"}, {"id": "113461", "pId": "110878", "name": "我们崇尚公平和正义"}, {"id": "113462", "pId": "110878", "name": "承担责任服务社会"}, {"id": "113463", "pId": "110878", "name": "了解祖国爱我中华"}, {"id": "113464", "pId": "110878", "name": "融入社会肩负使命"}, {"id": "113465", "pId": "110878", "name": "满怀希望迎接明天"}]