[{"id": "111695", "pId": "110871", "name": "自然地理"}, {"id": "111696", "pId": "110871", "name": "人文地理"}, {"id": "111697", "pId": "110871", "name": "区域地理"}, {"id": "111698", "pId": "110871", "name": "区域可持续发展"}, {"id": "111699", "pId": "110871", "name": "选修：旅游地理"}, {"id": "111700", "pId": "110871", "name": "选修：自然灾害与防治"}, {"id": "111701", "pId": "110871", "name": "选修：环境保护"}, {"id": "113360", "pId": "110871", "name": "选修：宇宙与地球"}, {"id": "113373", "pId": "110871", "name": "选修：海洋地理"}, {"id": "113396", "pId": "110871", "name": "选修：城乡规划"}, {"id": "113412", "pId": "110871", "name": "选修：地理信息技术应用"}, {"id": "111702", "pId": "111695", "name": "地球与地图"}, {"id": "111703", "pId": "111695", "name": "行星地球"}, {"id": "111704", "pId": "111695", "name": "地球上的大气"}, {"id": "111705", "pId": "111695", "name": "地球上的水"}, {"id": "111706", "pId": "111695", "name": "地表形态的塑造"}, {"id": "111707", "pId": "111695", "name": "自然环境的整体性与差异性"}, {"id": "111708", "pId": "111695", "name": "自然环境对人类活动的影响"}, {"id": "111736", "pId": "111696", "name": "人口与环境"}, {"id": "111737", "pId": "111696", "name": "城市与城市化"}, {"id": "111738", "pId": "111696", "name": "生产活动与地域联系"}, {"id": "111739", "pId": "111696", "name": "人地协调发展"}, {"id": "111753", "pId": "111697", "name": "世界地理"}, {"id": "111754", "pId": "111697", "name": "中国地理"}, {"id": "111770", "pId": "111698", "name": "地理环境与区域发展"}, {"id": "111771", "pId": "111698", "name": "地理信息技术及应用"}, {"id": "111772", "pId": "111698", "name": "区域可持续发展"}, {"id": "111783", "pId": "111699", "name": "旅游资源的类型、分布与欣赏"}, {"id": "111784", "pId": "111699", "name": "旅游资源的综合评价与旅游规划"}, {"id": "111785", "pId": "111699", "name": "旅游对区域发展的影响"}, {"id": "111786", "pId": "111700", "name": "主要自然灾害的类型与分布"}, {"id": "111787", "pId": "111700", "name": "我国主要自然灾害"}, {"id": "111788", "pId": "111700", "name": "自然灾害与环境"}, {"id": "111789", "pId": "111700", "name": "防灾与减灾"}, {"id": "111790", "pId": "111701", "name": "环境问题与环境管理"}, {"id": "111791", "pId": "111701", "name": "环境污染与防治"}, {"id": "111792", "pId": "111701", "name": "资源问题及其利用与保护"}, {"id": "111793", "pId": "111701", "name": "生态环境问题与生态保护"}, {"id": "113361", "pId": "113360", "name": "宇宙"}, {"id": "113365", "pId": "113360", "name": "太阳系与地月系"}, {"id": "113369", "pId": "113360", "name": "地球的演化和地表形态的变化"}, {"id": "113374", "pId": "113373", "name": "海洋概述"}, {"id": "113377", "pId": "113373", "name": "海岸与海底地形"}, {"id": "113381", "pId": "113373", "name": "海洋水体"}, {"id": "113384", "pId": "113373", "name": "海－气作用"}, {"id": "113387", "pId": "113373", "name": "海洋开发"}, {"id": "113392", "pId": "113373", "name": "人类与海洋协调发展"}, {"id": "113397", "pId": "113396", "name": "城乡发展与城市化"}, {"id": "113400", "pId": "113396", "name": "城乡合理布局与协调发展"}, {"id": "113404", "pId": "113396", "name": "城乡规划"}, {"id": "113408", "pId": "113396", "name": "城乡建设与人居环境"}, {"id": "113413", "pId": "113412", "name": "数字时代与地理信息技术"}, {"id": "113416", "pId": "113412", "name": "记录和传递信息的工具——地图"}, {"id": "113419", "pId": "113412", "name": "人眼的延伸——遥感（RS）"}, {"id": "113423", "pId": "113412", "name": "精确定位的现代工具——全球定位系统（GPS）"}, {"id": "113426", "pId": "113412", "name": "数字时代的产物——地理信息系统（GIS）"}, {"id": "113431", "pId": "113412", "name": "地理信息技术的集成应用与中国数字地球建设"}, {"id": "111709", "pId": "111702", "name": "地球的形状及大小"}, {"id": "111710", "pId": "111702", "name": "经纬网的判读"}, {"id": "111711", "pId": "111702", "name": "地图三要素"}, {"id": "111712", "pId": "111702", "name": "等值线图的判读"}, {"id": "111713", "pId": "111703", "name": "地球的宇宙环境"}, {"id": "111714", "pId": "111703", "name": "地球的普通性与特殊性"}, {"id": "111715", "pId": "111703", "name": "地球的圈层结构"}, {"id": "111716", "pId": "111703", "name": "太阳对地球的影响"}, {"id": "111717", "pId": "111703", "name": "地球运动及意义"}, {"id": "111718", "pId": "111704", "name": "大气受热过程"}, {"id": "111719", "pId": "111704", "name": "热力环流"}, {"id": "111720", "pId": "111704", "name": "等压线和风"}, {"id": "111721", "pId": "111704", "name": "气压带和风带的分布、移动及影响"}, {"id": "111722", "pId": "111704", "name": "锋面、高压、低压系统及其影响下的天气"}, {"id": "111723", "pId": "111705", "name": "水循环的过程和意义"}, {"id": "111724", "pId": "111705", "name": "洋流的分布及影响"}, {"id": "111725", "pId": "111705", "name": "水资源的分布及利用"}, {"id": "111726", "pId": "111706", "name": "营造地表形态的力量"}, {"id": "111727", "pId": "111706", "name": "岩石圈的物质循环"}, {"id": "111728", "pId": "111706", "name": "褶皱和断层的形成"}, {"id": "111729", "pId": "111707", "name": "自然地理环境在地理环境形成和演变中的作用"}, {"id": "111730", "pId": "111707", "name": "自然地理环境的整体性"}, {"id": "111731", "pId": "111707", "name": "地域分异规律"}, {"id": "111732", "pId": "111708", "name": "地表形态对聚落和交通选择的影响"}, {"id": "111733", "pId": "111708", "name": "气候变化对人类活动的影响"}, {"id": "111734", "pId": "111708", "name": "自然资源对人类生存和发展的影响"}, {"id": "111735", "pId": "111708", "name": "自然灾害发生的原因及危害"}, {"id": "111740", "pId": "111736", "name": "人口增长模式与人口结构"}, {"id": "111741", "pId": "111736", "name": "人口的合理容量及人口问题"}, {"id": "111742", "pId": "111736", "name": "人口的迁移"}, {"id": "111743", "pId": "111737", "name": "城市的形态、功能分区及内部空间结构"}, {"id": "111744", "pId": "111737", "name": "城市等级体系"}, {"id": "111745", "pId": "111737", "name": "城市化的内涵、进程及其影响"}, {"id": "111746", "pId": "111738", "name": "生产活动中地域联系的重要性及主要方式"}, {"id": "111747", "pId": "111738", "name": "农业区位因素及主要地域类型"}, {"id": "111748", "pId": "111738", "name": "工业区位因素、集聚与分散"}, {"id": "111749", "pId": "111738", "name": "交通运输方式、布局及其变化的影响"}, {"id": "111750", "pId": "111739", "name": "人地关系的演变"}, {"id": "111751", "pId": "111739", "name": "主要环境问题"}, {"id": "111752", "pId": "111739", "name": "可持续发展基本内涵与途径"}, {"id": "111755", "pId": "111753", "name": "世界陆地和海洋"}, {"id": "111756", "pId": "111753", "name": "世界居民及宗教"}, {"id": "111757", "pId": "111753", "name": "世界气候类型及自然景观"}, {"id": "111758", "pId": "111753", "name": "亚洲分区及主要国家"}, {"id": "111759", "pId": "111753", "name": "非洲分区及埃及"}, {"id": "111760", "pId": "111753", "name": "欧洲概况及主要国家"}, {"id": "111761", "pId": "111753", "name": "南、北美洲概况"}, {"id": "111762", "pId": "111753", "name": "大洋洲和南极洲"}, {"id": "111763", "pId": "111754", "name": "位置与地形"}, {"id": "111764", "pId": "111754", "name": "气候及资源"}, {"id": "111765", "pId": "111754", "name": "河流与湖泊"}, {"id": "111766", "pId": "111754", "name": "疆域与行政区划"}, {"id": "111767", "pId": "111754", "name": "人口与民族"}, {"id": "111768", "pId": "111754", "name": "农业与工业"}, {"id": "111769", "pId": "111754", "name": "交通运输与商业"}, {"id": "111794", "pId": "111754", "name": "中国地理分区"}, {"id": "111773", "pId": "111770", "name": "区域含义及区域划分"}, {"id": "111774", "pId": "111770", "name": "地理环境对区域发展的影响"}, {"id": "111775", "pId": "111770", "name": "不同发展阶段地理环境对人类活动的影响"}, {"id": "111776", "pId": "111772", "name": "产业转移和资源跨区域调配"}, {"id": "111777", "pId": "111772", "name": "荒漠化、水土流失的防治"}, {"id": "111778", "pId": "111772", "name": "森林、湿地的开发和保护"}, {"id": "111779", "pId": "111772", "name": "区域能源、资源的综合开发利用"}, {"id": "111780", "pId": "111772", "name": "流域的综合开发及治理措施"}, {"id": "111781", "pId": "111772", "name": "区域农业发展的条件、方法与途径"}, {"id": "111782", "pId": "111772", "name": "工业化和城市化引发的问题及解决措施"}]