[{"id": "111200", "pId": "110867", "name": "化学基本概念"}, {"id": "111201", "pId": "110867", "name": "物质结构与性质"}, {"id": "111202", "pId": "110867", "name": "重要的无机物"}, {"id": "111203", "pId": "110867", "name": "有机化学"}, {"id": "111204", "pId": "110867", "name": "化学反应原理"}, {"id": "111205", "pId": "110867", "name": "化学实验"}, {"id": "111206", "pId": "110867", "name": "化学与生活/技术"}, {"id": "111207", "pId": "111200", "name": "化学计量"}, {"id": "111208", "pId": "111200", "name": "物质的组成分类及性质"}, {"id": "111209", "pId": "111200", "name": "离子反应"}, {"id": "111210", "pId": "111200", "name": "氧化还原反应"}, {"id": "111224", "pId": "111201", "name": "原子结构与化学键"}, {"id": "111225", "pId": "111201", "name": "元素周期表与元素周期律"}, {"id": "111226", "pId": "111201", "name": "物质结构与性质"}, {"id": "111235", "pId": "111202", "name": "常见的金属元素"}, {"id": "111236", "pId": "111202", "name": "常见的非金属元素"}, {"id": "111237", "pId": "111202", "name": "无机推断"}, {"id": "111249", "pId": "111203", "name": "常见的有机物"}, {"id": "111250", "pId": "111203", "name": "有机化学基础"}, {"id": "111264", "pId": "111204", "name": "化学反应速率及化学平衡"}, {"id": "111265", "pId": "111204", "name": "电解质溶液"}, {"id": "111266", "pId": "111204", "name": "化学反应与能量"}, {"id": "111267", "pId": "111204", "name": "电化学"}, {"id": "111286", "pId": "111205", "name": "化学实验基础"}, {"id": "111287", "pId": "111205", "name": "实验设计与探究"}, {"id": "111295", "pId": "111206", "name": "化学与生活"}, {"id": "111296", "pId": "111206", "name": "化学与技术"}, {"id": "111211", "pId": "111207", "name": "物质的量  阿伏加德罗常数"}, {"id": "111212", "pId": "111207", "name": "气体摩尔体积"}, {"id": "111213", "pId": "111207", "name": "物质的量浓度及相关计算"}, {"id": "111214", "pId": "111208", "name": "化学用语"}, {"id": "111215", "pId": "111208", "name": "物质的组成及分类"}, {"id": "111216", "pId": "111208", "name": "物质的性质及应用"}, {"id": "111217", "pId": "111208", "name": "分散系  胶体"}, {"id": "111218", "pId": "111209", "name": "离子共存"}, {"id": "111219", "pId": "111209", "name": "离子方程式的书写与判断"}, {"id": "111220", "pId": "111209", "name": "离子检验"}, {"id": "111221", "pId": "111210", "name": "氧化还原反应基本概念"}, {"id": "111222", "pId": "111210", "name": "氧化还原反应的应用"}, {"id": "111223", "pId": "111210", "name": "氧化还原计算"}, {"id": "111227", "pId": "111224", "name": "原子结构"}, {"id": "111228", "pId": "111224", "name": "化学键"}, {"id": "111229", "pId": "111225", "name": "元素周期表"}, {"id": "111230", "pId": "111225", "name": "元素周期律"}, {"id": "111231", "pId": "111225", "name": "“位、构、性”相互推断"}, {"id": "111232", "pId": "111226", "name": "原子结构与性质"}, {"id": "111233", "pId": "111226", "name": "分子结构与性质"}, {"id": "111234", "pId": "111226", "name": "晶体结构与性质"}, {"id": "111238", "pId": "111235", "name": "钠及其化合物"}, {"id": "111239", "pId": "111235", "name": "镁、铝及其化合物"}, {"id": "111240", "pId": "111235", "name": "铁及其化合物"}, {"id": "111241", "pId": "111235", "name": "铜及其化合物"}, {"id": "111242", "pId": "111235", "name": "合金及其他金属"}, {"id": "111243", "pId": "111236", "name": "碳及其化合物"}, {"id": "111244", "pId": "111236", "name": "硅及其化合物"}, {"id": "111245", "pId": "111236", "name": "氮及其化合物"}, {"id": "111246", "pId": "111236", "name": "氧、硫及其化合物"}, {"id": "111247", "pId": "111236", "name": "氯及其化合物"}, {"id": "111248", "pId": "111236", "name": "卤素"}, {"id": "111251", "pId": "111249", "name": "脂肪烃"}, {"id": "111252", "pId": "111249", "name": "苯及其同系物"}, {"id": "111253", "pId": "111249", "name": "乙醇、乙酸"}, {"id": "111254", "pId": "111249", "name": "生命中的有机化合物"}, {"id": "111255", "pId": "111250", "name": "卤代烃"}, {"id": "111256", "pId": "111250", "name": "醇、酚"}, {"id": "111257", "pId": "111250", "name": "醛"}, {"id": "111258", "pId": "111250", "name": "羧酸、酯"}, {"id": "111259", "pId": "111250", "name": "高分子化合物及合成"}, {"id": "111260", "pId": "111250", "name": "有机化合物分子式及结构的确定"}, {"id": "111261", "pId": "111250", "name": "有机化学基本反应类型"}, {"id": "111262", "pId": "111250", "name": "有机化学实验"}, {"id": "111263", "pId": "111250", "name": "有机物的合成与推断"}, {"id": "111268", "pId": "111264", "name": "化学反应速率"}, {"id": "111269", "pId": "111264", "name": "影响化学反应速率的因素"}, {"id": "111270", "pId": "111264", "name": "化学平衡常数及转化率"}, {"id": "111271", "pId": "111264", "name": "化学平衡的移动"}, {"id": "111272", "pId": "111264", "name": "化学平衡图像"}, {"id": "111273", "pId": "111265", "name": "弱电解质溶液"}, {"id": "111274", "pId": "111265", "name": "水的电离"}, {"id": "111275", "pId": "111265", "name": "溶液酸碱性及pH"}, {"id": "111276", "pId": "111265", "name": "盐类水解"}, {"id": "111277", "pId": "111265", "name": "溶液离子浓度大小比较"}, {"id": "111278", "pId": "111265", "name": "沉淀溶解平衡"}, {"id": "111279", "pId": "111266", "name": "反应热与焓变"}, {"id": "111280", "pId": "111266", "name": "热化学反应方程式"}, {"id": "111281", "pId": "111266", "name": "盖斯定律"}, {"id": "111282", "pId": "111267", "name": "化学电源"}, {"id": "111283", "pId": "111267", "name": "原电池"}, {"id": "111284", "pId": "111267", "name": "电解池"}, {"id": "111285", "pId": "111267", "name": "金属腐蚀与防护"}, {"id": "111288", "pId": "111286", "name": "基本仪器"}, {"id": "111289", "pId": "111286", "name": "基本操作"}, {"id": "111290", "pId": "111286", "name": "物质检验"}, {"id": "111291", "pId": "111286", "name": "物质的制备"}, {"id": "111292", "pId": "111286", "name": "物质的分离与提纯"}, {"id": "111293", "pId": "111287", "name": "实验方案设计与分析"}, {"id": "111294", "pId": "111287", "name": "实验探究"}, {"id": "111297", "pId": "111295", "name": "化学与健康"}, {"id": "111298", "pId": "111295", "name": "化学与材料"}, {"id": "111299", "pId": "111295", "name": "化学与环保"}, {"id": "111300", "pId": "111296", "name": "化学与工业"}, {"id": "111301", "pId": "111296", "name": "化学与资源开发利用"}, {"id": "111302", "pId": "111296", "name": "化学与材料的发展"}, {"id": "111303", "pId": "111296", "name": "化学与农业、精细化学品"}]