[{"id": "111536", "pId": "110870", "name": "古代中国"}, {"id": "111537", "pId": "110870", "name": "近代中国"}, {"id": "111538", "pId": "110870", "name": "现代中国"}, {"id": "111539", "pId": "110870", "name": "古希腊、罗马"}, {"id": "111540", "pId": "110870", "name": "近代世界"}, {"id": "111541", "pId": "110870", "name": "现代世界"}, {"id": "111542", "pId": "110870", "name": "历史上的重大改革"}, {"id": "111545", "pId": "110870", "name": "近代社会的民主思想与实践"}, {"id": "111546", "pId": "110870", "name": "20世纪的战争与和平"}, {"id": "111547", "pId": "110870", "name": "中外历史人物评说"}, {"id": "111548", "pId": "110870", "name": "探索历史的奥秘"}, {"id": "111549", "pId": "110870", "name": "世界文化遗产荟萃"}, {"id": "111550", "pId": "111536", "name": "古代中国的政治制度"}, {"id": "111551", "pId": "111536", "name": "古代中国经济的基本结构与特点"}, {"id": "111552", "pId": "111536", "name": "中国传统文化主流思想的演变"}, {"id": "111553", "pId": "111536", "name": "古代中国的科技技术和文学艺术"}, {"id": "111568", "pId": "111537", "name": "近代中国的民主革命"}, {"id": "111569", "pId": "111537", "name": "近代中国经济的发展"}, {"id": "111570", "pId": "111537", "name": "近代中国的思想解放潮流"}, {"id": "111583", "pId": "111538", "name": "现代中国的政治建设与祖国统一"}, {"id": "111584", "pId": "111538", "name": "中国特色社会主义建设道路的探索"}, {"id": "111585", "pId": "111538", "name": "现代中国的对外关系"}, {"id": "111586", "pId": "111538", "name": "20世纪以来中国重大思想理论成果"}, {"id": "111587", "pId": "111538", "name": "近现代中国社会生活的变迁"}, {"id": "111588", "pId": "111538", "name": "现代中国的科学技术与文化教育事业"}, {"id": "111608", "pId": "111539", "name": "古代希腊、罗马的政治制度"}, {"id": "111609", "pId": "111539", "name": "西方人文精神的起源"}, {"id": "111612", "pId": "111540", "name": "西方人文精神的发展"}, {"id": "111613", "pId": "111540", "name": "资本主义世界市场的形成与发展"}, {"id": "111614", "pId": "111540", "name": "欧美代议制的确立与发展"}, {"id": "111615", "pId": "111540", "name": "科学社会主义理论的诞生和国际工人运动"}, {"id": "111632", "pId": "111541", "name": "俄国十月革命与苏联的社会主义建设"}, {"id": "111633", "pId": "111541", "name": "资本主义经济政策的调整"}, {"id": "111634", "pId": "111541", "name": "二战后世界政治格局的演变"}, {"id": "111635", "pId": "111541", "name": "二战后世界经济的全球化趋势 "}, {"id": "111636", "pId": "111541", "name": "近现代世界的科学技术与文学艺术"}, {"id": "111653", "pId": "111542", "name": "梭伦改革"}, {"id": "111654", "pId": "111542", "name": "商鞅变法"}, {"id": "111655", "pId": "111542", "name": "北魏孝文帝改革"}, {"id": "111656", "pId": "111542", "name": "王安石变法"}, {"id": "111657", "pId": "111542", "name": "欧洲的宗教改革"}, {"id": "111658", "pId": "111542", "name": "穆罕默德·阿里改革"}, {"id": "111659", "pId": "111542", "name": "1861年俄国农奴制改革"}, {"id": "111660", "pId": "111542", "name": "日本明治维新"}, {"id": "111661", "pId": "111542", "name": "戊戌变法"}, {"id": "111662", "pId": "111545", "name": "专制理论与民主思想的冲突"}, {"id": "111663", "pId": "111545", "name": "英国议会与国王的斗争"}, {"id": "111664", "pId": "111545", "name": "向封建专制统治宣战的檄文"}, {"id": "111665", "pId": "111545", "name": "构建资产阶级代议制的政治框架"}, {"id": "111666", "pId": "111545", "name": "法国民主力量与专制势力的斗争"}, {"id": "111667", "pId": "111545", "name": "近代中国民主思想与反对专制的斗争"}, {"id": "111668", "pId": "111545", "name": "无产阶级和人民群众争取民主的斗争"}, {"id": "111669", "pId": "111546", "name": "第一次世界大战"}, {"id": "111670", "pId": "111546", "name": "凡尔赛—华盛顿体系下的世界"}, {"id": "111671", "pId": "111546", "name": "第二次世界大战"}, {"id": "111672", "pId": "111546", "name": "雅尔塔体系下的冷战与和平"}, {"id": "111673", "pId": "111546", "name": "烽火连绵的局部战争"}, {"id": "111674", "pId": "111546", "name": "和平与发展"}, {"id": "111675", "pId": "111547", "name": "古代中国的政治家"}, {"id": "111676", "pId": "111547", "name": "东西方的先哲"}, {"id": "111677", "pId": "111547", "name": "欧美资产阶级革命时代的杰出人物"}, {"id": "111678", "pId": "111547", "name": "亚洲觉醒的先驱"}, {"id": "111679", "pId": "111547", "name": "无产阶级革命家"}, {"id": "111680", "pId": "111547", "name": "杰出的科学家"}, {"id": "111681", "pId": "111548", "name": "历史与历史的“重现”"}, {"id": "111682", "pId": "111548", "name": "人类起源之谜"}, {"id": "111683", "pId": "111548", "name": "米诺斯宫殿遗址与克里特文明"}, {"id": "111684", "pId": "111548", "name": "二里头文化的探索"}, {"id": "111685", "pId": "111548", "name": "三星堆遗址——古蜀文明之谜"}, {"id": "111686", "pId": "111548", "name": "玛雅文明的消失"}, {"id": "111687", "pId": "111548", "name": "大津巴布韦遗址与非洲文明探秘"}, {"id": "111688", "pId": "111549", "name": "世界文化遗产"}, {"id": "111689", "pId": "111549", "name": "古代埃及的历史遗产"}, {"id": "111690", "pId": "111549", "name": "古代希腊、罗马的历史遗迹"}, {"id": "111691", "pId": "111549", "name": "欧洲文艺复兴时期的文化遗产"}, {"id": "111692", "pId": "111549", "name": "中国的世界文化遗产代表"}, {"id": "111693", "pId": "111549", "name": "中国的人类非物质文化遗产——昆曲"}, {"id": "111694", "pId": "111549", "name": "具有警示意义的世界文化遗产"}, {"id": "111554", "pId": "111550", "name": "商周时期的政治制度"}, {"id": "111555", "pId": "111550", "name": "秦中央集权制度的形成"}, {"id": "111556", "pId": "111550", "name": "汉到元政治制度的演变"}, {"id": "111557", "pId": "111550", "name": "明清君主专制制度的加强"}, {"id": "111558", "pId": "111551", "name": "农业的主要耕作方式和土地制度"}, {"id": "111559", "pId": "111551", "name": "手工业的发展"}, {"id": "111560", "pId": "111551", "name": "商业的发展"}, {"id": "111561", "pId": "111551", "name": "资本主义萌芽及古代的经济政策"}, {"id": "111562", "pId": "111552", "name": "春秋战国时期的百家争鸣"}, {"id": "111563", "pId": "111552", "name": "汉代儒学成为正统思想"}, {"id": "111564", "pId": "111552", "name": "宋明理学"}, {"id": "111565", "pId": "111552", "name": "明清之际的儒学思想"}, {"id": "111566", "pId": "111553", "name": "古代中国的科技成就"}, {"id": "111567", "pId": "111553", "name": "汉字、文学成就与书画艺术"}, {"id": "111571", "pId": "111568", "name": "1840至1900年间列强侵略与中国人民的反抗斗争"}, {"id": "111572", "pId": "111568", "name": "辛亥革命"}, {"id": "111573", "pId": "111568", "name": "新民主主义革命的崛起"}, {"id": "111574", "pId": "111568", "name": "国共的十年对峙"}, {"id": "111575", "pId": "111568", "name": "抗日战争"}, {"id": "111576", "pId": "111568", "name": "解放战争"}, {"id": "111577", "pId": "111569", "name": "晚清中国经济结构的变化和民族工业的兴起"}, {"id": "111578", "pId": "111569", "name": "民国时期民族工业的曲折发展"}, {"id": "111579", "pId": "111570", "name": "开眼看世界“师夷长技以制夷”"}, {"id": "111580", "pId": "111570", "name": "“中体西用”"}, {"id": "111581", "pId": "111570", "name": "维新思想"}, {"id": "111582", "pId": "111570", "name": "新文化运动与马克思主义的传播"}, {"id": "111589", "pId": "111583", "name": "新中国成立及建国初期的民主政治建设"}, {"id": "111590", "pId": "111583", "name": "民主政治建设的曲折发展"}, {"id": "111591", "pId": "111583", "name": "祖国统一大业"}, {"id": "111592", "pId": "111584", "name": "20世纪50至70年代社会主义建设道路的探索"}, {"id": "111593", "pId": "111584", "name": "中共十一届三中全会"}, {"id": "111594", "pId": "111584", "name": "经济体制改革"}, {"id": "111595", "pId": "111584", "name": "对外开放格局的初步形成"}, {"id": "111596", "pId": "111584", "name": "社会主义市场经济体制的建立"}, {"id": "111597", "pId": "111585", "name": "新中国建立初期的对外关系"}, {"id": "111598", "pId": "111585", "name": "20世纪70年代的重大外交活动"}, {"id": "111599", "pId": "111585", "name": "改革开放以来的重大外交活动"}, {"id": "111600", "pId": "111586", "name": "孙中山的三民主义"}, {"id": "111601", "pId": "111586", "name": "毛泽东思想"}, {"id": "111602", "pId": "111586", "name": "新时期的理论探索"}, {"id": "111603", "pId": "111587", "name": "物质生活与社会习俗的变迁"}, {"id": "111604", "pId": "111587", "name": "交通、通讯工具的进步和大众传媒的发展"}, {"id": "111605", "pId": "111588", "name": "现代中国的科技"}, {"id": "111606", "pId": "111588", "name": "“百花齐放、百家争鸣”的方针"}, {"id": "111607", "pId": "111588", "name": "教育事业的发展"}, {"id": "111610", "pId": "111608", "name": "雅典民主政治"}, {"id": "111611", "pId": "111608", "name": "罗马法"}, {"id": "111616", "pId": "111612", "name": "文艺复兴"}, {"id": "111617", "pId": "111612", "name": "宗教改革"}, {"id": "111618", "pId": "111612", "name": "启蒙运动"}, {"id": "111621", "pId": "111613", "name": "新航路的开辟"}, {"id": "111622", "pId": "111613", "name": "荷、英等国的殖民扩张"}, {"id": "111623", "pId": "111613", "name": "两次工业革命"}, {"id": "111624", "pId": "111613", "name": "资本主义世界市场的形成和发展"}, {"id": "111625", "pId": "111614", "name": "英国君主立宪制的确立"}, {"id": "111626", "pId": "111614", "name": "美国共和制的确立"}, {"id": "111627", "pId": "111614", "name": "法国共和制的确立"}, {"id": "111628", "pId": "111614", "name": "德意志帝国君主立宪制的确立"}, {"id": "111629", "pId": "111614", "name": "日本明治维新、俄国1861年改革"}, {"id": "111630", "pId": "111615", "name": "《共产党宣言》"}, {"id": "111631", "pId": "111615", "name": "巴黎公社"}, {"id": "111637", "pId": "111632", "name": "俄国十月革命"}, {"id": "111638", "pId": "111632", "name": "战时共产主义政策和新经济政策"}, {"id": "111639", "pId": "111632", "name": "斯大林模式"}, {"id": "111640", "pId": "111632", "name": "从赫鲁晓夫改革到戈尔巴乔夫改革"}, {"id": "111641", "pId": "111633", "name": "1929至1933年资本主义世界经济的危机"}, {"id": "111642", "pId": "111633", "name": "罗斯福新政"}, {"id": "111643", "pId": "111633", "name": "二战后资本主义国家的新变化"}, {"id": "111644", "pId": "111634", "name": "美苏两极对峙格局的形成"}, {"id": "111645", "pId": "111634", "name": "多极化趋势在曲折中发展"}, {"id": "111646", "pId": "111634", "name": "两极格局的瓦解和多极化趋势的加强"}, {"id": "111647", "pId": "111635", "name": "布雷顿森林体系的建立"}, {"id": "111648", "pId": "111635", "name": "世界经济区域集团化"}, {"id": "111649", "pId": "111635", "name": "世界贸易组织和中国的加入"}, {"id": "111650", "pId": "111635", "name": "经济全球化"}, {"id": "111651", "pId": "111636", "name": "近现代科学技术"}, {"id": "111652", "pId": "111636", "name": "近现代世界文学、影视、艺术"}]