[{"id": "111304", "pId": "110868", "name": "细胞的分子组成"}, {"id": "111305", "pId": "110868", "name": "细胞的结构功能"}, {"id": "111306", "pId": "110868", "name": "细胞的物质运输"}, {"id": "111307", "pId": "110868", "name": "酶和ATP"}, {"id": "111308", "pId": "110868", "name": "光合作用和呼吸作用"}, {"id": "111309", "pId": "110868", "name": "细胞的生命历程"}, {"id": "111310", "pId": "110868", "name": "遗传的基本规律"}, {"id": "111311", "pId": "110868", "name": "遗传的细胞基础"}, {"id": "111312", "pId": "110868", "name": "遗传的分子基础"}, {"id": "111313", "pId": "110868", "name": "变异与进化"}, {"id": "111314", "pId": "110868", "name": "内环境和稳态"}, {"id": "111315", "pId": "110868", "name": "动物和人体的生命活动调节"}, {"id": "111316", "pId": "110868", "name": "植物的激素调节"}, {"id": "111317", "pId": "110868", "name": "种群和群落"}, {"id": "111318", "pId": "110868", "name": "生态系统及生态环境保护"}, {"id": "111319", "pId": "110868", "name": "生物技术实践"}, {"id": "111393", "pId": "110868", "name": "现代生物科技专题"}, {"id": "111394", "pId": "110868", "name": "实验与探究"}, {"id": "111320", "pId": "111304", "name": "组成细胞的元素和无机物"}, {"id": "111321", "pId": "111304", "name": "氨基酸的结构和蛋白质的合成"}, {"id": "111322", "pId": "111304", "name": "蛋白质的结构和功能"}, {"id": "111323", "pId": "111304", "name": "核酸的结构和功能"}, {"id": "111324", "pId": "111304", "name": "糖类的种类和功能"}, {"id": "111325", "pId": "111304", "name": "脂质的种类和功能"}, {"id": "111326", "pId": "111305", "name": "多种多样的细胞"}, {"id": "111327", "pId": "111305", "name": "细胞膜和细胞壁的结构功能"}, {"id": "111328", "pId": "111305", "name": "细胞器的结构功能"}, {"id": "111329", "pId": "111305", "name": "细胞核的结构功能"}, {"id": "111330", "pId": "111306", "name": "细胞的吸水和失水"}, {"id": "111331", "pId": "111306", "name": "跨膜运输的种类及特点"}, {"id": "111332", "pId": "111306", "name": "大分子物质进出细胞的方式"}, {"id": "111333", "pId": "111307", "name": "酶的本质和作用"}, {"id": "111334", "pId": "111307", "name": "影响酶活性的因素"}, {"id": "111335", "pId": "111307", "name": "ATP的结构和功能"}, {"id": "111336", "pId": "111308", "name": "光合作用的原理和应用"}, {"id": "111337", "pId": "111308", "name": "影响光合作用的因素"}, {"id": "111338", "pId": "111308", "name": "细胞呼吸的种类和原理"}, {"id": "111339", "pId": "111308", "name": "影响细胞呼吸的因素及应用"}, {"id": "111340", "pId": "111308", "name": "光合作用与呼吸作用的综合应用"}, {"id": "111341", "pId": "111309", "name": "有丝分裂和无丝分裂"}, {"id": "111342", "pId": "111309", "name": "有丝分裂的过程"}, {"id": "111343", "pId": "111309", "name": "细胞分化与全能性"}, {"id": "111344", "pId": "111309", "name": "细胞的衰老、凋亡及癌变"}, {"id": "111345", "pId": "111310", "name": "孟德尔遗传实验"}, {"id": "111346", "pId": "111310", "name": "基因的分离定律及应用"}, {"id": "111347", "pId": "111310", "name": "基因的自由组合定律及应用"}, {"id": "111348", "pId": "111310", "name": "伴性遗传及人类遗传病"}, {"id": "111349", "pId": "111311", "name": "减数分裂"}, {"id": "111350", "pId": "111311", "name": "配子的形成过程及受精作用"}, {"id": "111351", "pId": "111311", "name": "有丝分裂和减数分裂的综合"}, {"id": "111352", "pId": "111312", "name": "人类对遗传物质的探索过程"}, {"id": "111353", "pId": "111312", "name": "DNA分子结构"}, {"id": "111354", "pId": "111312", "name": "DNA的复制"}, {"id": "111355", "pId": "111312", "name": "基因及基因的表达"}, {"id": "111362", "pId": "111313", "name": "基因突变"}, {"id": "111363", "pId": "111313", "name": "基因重组"}, {"id": "111364", "pId": "111313", "name": "染色体变异"}, {"id": "111365", "pId": "111313", "name": "育种的方法及原理"}, {"id": "111366", "pId": "111313", "name": "现代生物进化理论"}, {"id": "111367", "pId": "111313", "name": "共同进化及生物多样性的形成"}, {"id": "111368", "pId": "111314", "name": "内环境的组成及稳态"}, {"id": "111369", "pId": "111314", "name": "人体的体温调节和水盐调节"}, {"id": "111370", "pId": "111314", "name": "血糖平衡调节"}, {"id": "111371", "pId": "111315", "name": "神经系统的结构及分级调节"}, {"id": "111372", "pId": "111315", "name": "人脑的高级功能"}, {"id": "111373", "pId": "111315", "name": "兴奋的传导和传递"}, {"id": "111374", "pId": "111315", "name": "激素的调节与应用"}, {"id": "111375", "pId": "111315", "name": "免疫系统的组成及功能"}, {"id": "111376", "pId": "111315", "name": "免疫功能异常"}, {"id": "111377", "pId": "111316", "name": "植物生长素的发现及作用"}, {"id": "111378", "pId": "111316", "name": "其他植物激素及应用"}, {"id": "111379", "pId": "111317", "name": "种群的结构特征"}, {"id": "111380", "pId": "111317", "name": "种群的数量变化"}, {"id": "111381", "pId": "111317", "name": "群落的结构特征和群落演替"}, {"id": "111382", "pId": "111318", "name": "生态系统的结构"}, {"id": "111383", "pId": "111318", "name": "生态系统的功能"}, {"id": "111384", "pId": "111318", "name": "生态系统的稳定性"}, {"id": "111385", "pId": "111318", "name": "全球性的环境问题及生物多样性"}, {"id": "111386", "pId": "111319", "name": "果酒与果醋的制作"}, {"id": "111387", "pId": "111319", "name": "腐乳的制作和泡菜的腌制"}, {"id": "111388", "pId": "111319", "name": "微生物的利用"}, {"id": "111389", "pId": "111319", "name": "酶的应用"}, {"id": "111390", "pId": "111319", "name": "特定成分的提取"}, {"id": "111391", "pId": "111319", "name": "PCR技术"}, {"id": "111392", "pId": "111319", "name": "植物组织培养技术"}, {"id": "111395", "pId": "111393", "name": "基因工程和蛋白质工程"}, {"id": "111396", "pId": "111393", "name": "植物细胞工程"}, {"id": "111397", "pId": "111393", "name": "动物细胞工程"}, {"id": "111398", "pId": "111393", "name": "单克隆抗体的制备"}, {"id": "111399", "pId": "111393", "name": "胚胎工程"}, {"id": "111400", "pId": "111393", "name": "生物技术的安全性和伦理问题"}, {"id": "111401", "pId": "111393", "name": "生态农业"}, {"id": "111402", "pId": "111394", "name": "观察与培养类实验"}, {"id": "111403", "pId": "111394", "name": "提取与验证类实验"}, {"id": "111404", "pId": "111394", "name": "探究与设计类实验"}, {"id": "111405", "pId": "111402", "name": "用显微镜观察多种多样的细胞"}, {"id": "111406", "pId": "111402", "name": "观察线粒体和叶绿体"}, {"id": "111407", "pId": "111402", "name": "观察植物细胞的质壁分离和复原"}, {"id": "111408", "pId": "111402", "name": "观察DNA、RNA在细胞中的分布"}, {"id": "111409", "pId": "111402", "name": "观察细胞的有丝分裂"}, {"id": "111410", "pId": "111402", "name": "观察细胞的减数分裂"}, {"id": "111411", "pId": "111402", "name": "低温诱导染色体加倍的实验"}, {"id": "111412", "pId": "111402", "name": "微生物的分离和培养"}, {"id": "111413", "pId": "111402", "name": "培养基对微生物的选择利用"}, {"id": "111414", "pId": "111402", "name": "植物的组织培养"}, {"id": "111415", "pId": "111403", "name": "绿叶中色素的提取和分离"}, {"id": "111416", "pId": "111403", "name": "从生物材料中提取某些特定的成分"}, {"id": "111417", "pId": "111403", "name": "检测生物组织中还原糖、脂肪和蛋白质"}, {"id": "111418", "pId": "111403", "name": "模拟尿糖的检测"}, {"id": "111419", "pId": "111403", "name": "调查常见的人类遗传病"}, {"id": "111420", "pId": "111403", "name": "土壤中动物类群丰富度的研究"}, {"id": "111421", "pId": "111403", "name": "利用微生物发酵来生产特定的产物"}, {"id": "111422", "pId": "111403", "name": "DNA的粗提取和鉴定"}, {"id": "111423", "pId": "111404", "name": "通过模拟实验探究膜的透性"}, {"id": "111424", "pId": "111404", "name": "探究影响酶活性的因素"}, {"id": "111425", "pId": "111404", "name": "探究酵母菌的呼吸方式"}, {"id": "111426", "pId": "111404", "name": "探究环境因素对光合作用的影响"}, {"id": "111427", "pId": "111404", "name": "探究细胞表面积与体积的关系"}, {"id": "111428", "pId": "111404", "name": "探究植物生长调节剂对扦插枝条生根的作用"}, {"id": "111429", "pId": "111404", "name": "探究培养液中酵母菌数量的动态变化"}, {"id": "111430", "pId": "111404", "name": "探究水族箱（或鱼缸）中群落的演替"}]