[{"id": "110293", "pId": "91511", "name": "集合与常用逻辑用语"}, {"id": "110298", "pId": "91511", "name": "函数与导数"}, {"id": "110299", "pId": "91511", "name": "三角函数及解三角形"}, {"id": "110300", "pId": "91511", "name": "平面向量"}, {"id": "110301", "pId": "91511", "name": "不等式"}, {"id": "110302", "pId": "91511", "name": "数列"}, {"id": "110303", "pId": "91511", "name": "立体几何"}, {"id": "110304", "pId": "91511", "name": "平面解析几何"}, {"id": "110305", "pId": "91511", "name": "计数原理"}, {"id": "110306", "pId": "91511", "name": "统计与概率"}, {"id": "110307", "pId": "91511", "name": "算法与框图"}, {"id": "110308", "pId": "91511", "name": "推理与证明"}, {"id": "110309", "pId": "91511", "name": "数系的扩充与复数的引入"}, {"id": "110310", "pId": "91511", "name": "几何证明选讲"}, {"id": "110311", "pId": "91511", "name": "坐标系与参数方程"}, {"id": "110312", "pId": "91511", "name": "矩阵行列式"}, {"id": "110313", "pId": "110293", "name": "集合的概念及运算"}, {"id": "110314", "pId": "110293", "name": "常用逻辑用语"}, {"id": "110317", "pId": "110298", "name": "函数"}, {"id": "110321", "pId": "110298", "name": "基本初等函数"}, {"id": "110329", "pId": "110298", "name": "导数"}, {"id": "110337", "pId": "110298", "name": "极限"}, {"id": "110341", "pId": "110299", "name": "任意角的概念和弧度制"}, {"id": "110342", "pId": "110299", "name": "三角函数的定义、同角三角函数的关系式和诱导公式"}, {"id": "110343", "pId": "110299", "name": "三角函数的图象与性质"}, {"id": "110344", "pId": "110299", "name": "三角函数的图象变换"}, {"id": "110345", "pId": "110299", "name": "三角恒等变换"}, {"id": "110349", "pId": "110299", "name": "解三角形"}, {"id": "110354", "pId": "110299", "name": "三角函数的综合应用"}, {"id": "110355", "pId": "110300", "name": "平面向量的概念及线性运算"}, {"id": "110356", "pId": "110300", "name": "平面向量基本定理及坐标运算"}, {"id": "110357", "pId": "110300", "name": "平面向量的数量积"}, {"id": "110358", "pId": "110300", "name": "平面向量的综合"}, {"id": "110362", "pId": "110301", "name": "不等式的性质"}, {"id": "110363", "pId": "110301", "name": "不等式的解法"}, {"id": "110367", "pId": "110301", "name": "简单的线性规划"}, {"id": "110368", "pId": "110301", "name": "均值不等式"}, {"id": "110369", "pId": "110301", "name": "不等式的应用"}, {"id": "110374", "pId": "110301", "name": "不等式选讲"}, {"id": "110380", "pId": "110302", "name": "数列的概念及简单表示法"}, {"id": "110381", "pId": "110302", "name": "等差数列"}, {"id": "110382", "pId": "110302", "name": "等比数列"}, {"id": "110383", "pId": "110302", "name": "数列的求和"}, {"id": "110386", "pId": "110302", "name": "数列的综合应用"}, {"id": "110394", "pId": "110302", "name": "数列的极限"}, {"id": "110395", "pId": "110303", "name": "空间几何体"}, {"id": "110399", "pId": "110303", "name": "点、线、面位置关系的判定"}, {"id": "110406", "pId": "110303", "name": "空间向量与立体几何"}, {"id": "110411", "pId": "110304", "name": "直线"}, {"id": "110416", "pId": "110304", "name": "圆"}, {"id": "110421", "pId": "110304", "name": "圆锥曲线"}, {"id": "112120", "pId": "110304", "name": "平面解析几何的综合"}, {"id": "110431", "pId": "110305", "name": "两个基本计数原理"}, {"id": "110432", "pId": "110305", "name": "排列、组合"}, {"id": "110433", "pId": "110305", "name": "二项式定理"}, {"id": "110434", "pId": "110306", "name": "统计"}, {"id": "110440", "pId": "110306", "name": "概率"}, {"id": "110453", "pId": "110306", "name": "概率与统计的综合"}, {"id": "110465", "pId": "110308", "name": "合情推理与演绎推理"}, {"id": "110466", "pId": "110308", "name": "直接证明与间接证明"}, {"id": "110467", "pId": "110308", "name": "数学归纳法"}, {"id": "110468", "pId": "110309", "name": "复数的基本概念"}, {"id": "110469", "pId": "110309", "name": "复数的几何意义"}, {"id": "110470", "pId": "110309", "name": "复数的四则运算"}, {"id": "110471", "pId": "110310", "name": "相似三角形"}, {"id": "110472", "pId": "110310", "name": "圆"}, {"id": "110473", "pId": "110311", "name": "曲线的极坐标方程"}, {"id": "110474", "pId": "110311", "name": "极坐标方程和直角坐标方程间的转化"}, {"id": "110475", "pId": "110311", "name": "柱坐标系与球坐标系"}, {"id": "110476", "pId": "110311", "name": "直线、圆和圆锥曲线的参数方程"}, {"id": "110478", "pId": "110312", "name": "矩阵与变换"}, {"id": "110479", "pId": "110312", "name": "行列式"}, {"id": "110315", "pId": "110314", "name": "命题及其关系、充分条件与必要条件"}, {"id": "110316", "pId": "110314", "name": "简单的逻辑联结词、全称量词与存在量词"}, {"id": "110318", "pId": "110317", "name": "函数的概念、映射与函数"}, {"id": "110319", "pId": "110317", "name": "函数的基本性质"}, {"id": "110320", "pId": "110317", "name": "函数与方程"}, {"id": "110322", "pId": "110321", "name": "一次函数、二次函数与幂函数"}, {"id": "110323", "pId": "110321", "name": "指数与指数函数"}, {"id": "110324", "pId": "110321", "name": "对数与对数函数"}, {"id": "110325", "pId": "110321", "name": "分段函数、抽象函数与复合函数"}, {"id": "110326", "pId": "110321", "name": "函数的图象"}, {"id": "110327", "pId": "110321", "name": "函数模型及其应用"}, {"id": "110328", "pId": "110321", "name": "函数的综合"}, {"id": "110330", "pId": "110329", "name": "导数的概念和几何意义"}, {"id": "110331", "pId": "110329", "name": "导数的运算"}, {"id": "110332", "pId": "110329", "name": "利用导数研究函数的单调性"}, {"id": "110333", "pId": "110329", "name": "利用导数证明不等式"}, {"id": "110334", "pId": "110329", "name": "利用导数求最值和极值"}, {"id": "110335", "pId": "110329", "name": "导数的综合应用"}, {"id": "110336", "pId": "110329", "name": "定积分与微积分基本定理"}, {"id": "110338", "pId": "110337", "name": "函数极限"}, {"id": "110340", "pId": "110337", "name": "函数连续性"}, {"id": "110346", "pId": "110345", "name": "两角和与差的三角函数"}, {"id": "110347", "pId": "110345", "name": "倍角公式、半角公式"}, {"id": "110348", "pId": "110345", "name": "恒等变换综合"}, {"id": "110350", "pId": "110349", "name": "正弦定理"}, {"id": "110351", "pId": "110349", "name": "余弦定理"}, {"id": "110352", "pId": "110349", "name": "解三角形的综合"}, {"id": "110353", "pId": "110349", "name": "解三角形的应用"}, {"id": "110359", "pId": "110358", "name": "平面向量和解三角形的综合"}, {"id": "110360", "pId": "110358", "name": "平面向量和解析几何的综合"}, {"id": "110361", "pId": "110358", "name": "平面向量的应用"}, {"id": "110364", "pId": "110363", "name": "一元二次不等式的解法"}, {"id": "110365", "pId": "110363", "name": "指、对数不等式的解法"}, {"id": "110366", "pId": "110363", "name": "其他不等式的解法"}, {"id": "110370", "pId": "110369", "name": "不等式比较大小"}, {"id": "110371", "pId": "110369", "name": "不等式求参数范围"}, {"id": "110372", "pId": "110369", "name": "不等式与恒成立问题、能成立问题、恰成立问题"}, {"id": "110373", "pId": "110369", "name": "不等式的实际应用"}, {"id": "110376", "pId": "110374", "name": "绝对值不等式"}, {"id": "110377", "pId": "110374", "name": "柯西不等式"}, {"id": "110378", "pId": "110374", "name": "排序不等式"}, {"id": "110379", "pId": "110374", "name": "不等式的证明"}, {"id": "110384", "pId": "110383", "name": "公式法、分组求和"}, {"id": "110385", "pId": "110383", "name": "倒序相加、错位相减和裂项相消求和法"}, {"id": "110387", "pId": "110386", "name": "数列与解三角形的综合"}, {"id": "110388", "pId": "110386", "name": "数列与函数的综合"}, {"id": "110389", "pId": "110386", "name": "数列与向量的综合"}, {"id": "110390", "pId": "110386", "name": "数列与不等式的综合"}, {"id": "110391", "pId": "110386", "name": "数列与解析几何的综合"}, {"id": "110392", "pId": "110386", "name": "数列与立体几何的综合"}, {"id": "110393", "pId": "110386", "name": "数列的综合"}, {"id": "110396", "pId": "110395", "name": "柱、锥、台、球的结构特征"}, {"id": "110397", "pId": "110395", "name": "空间几何体的三视图"}, {"id": "110398", "pId": "110395", "name": "空间几何体的表面积和体积"}, {"id": "110400", "pId": "110399", "name": "平行"}, {"id": "110401", "pId": "110399", "name": "垂直"}, {"id": "110402", "pId": "110399", "name": "点线面的位置关系"}, {"id": "110403", "pId": "110399", "name": "立体几何的综合"}, {"id": "110407", "pId": "110406", "name": "空间向量及其运算"}, {"id": "110408", "pId": "110406", "name": "空间距离"}, {"id": "110409", "pId": "110406", "name": "空间角"}, {"id": "110410", "pId": "110406", "name": "空间向量的综合应用"}, {"id": "110412", "pId": "110411", "name": "直线倾斜角和斜率"}, {"id": "110413", "pId": "110411", "name": "直线方程"}, {"id": "110414", "pId": "110411", "name": "两直线的位置关系"}, {"id": "110415", "pId": "110411", "name": "直线的综合"}, {"id": "110417", "pId": "110416", "name": "圆的一般方程与标准方程"}, {"id": "110418", "pId": "110416", "name": "点、直线与圆的位置关系"}, {"id": "110419", "pId": "110416", "name": "圆与圆的位置关系"}, {"id": "110420", "pId": "110416", "name": "圆的综合"}, {"id": "110422", "pId": "110421", "name": "椭圆"}, {"id": "110423", "pId": "110421", "name": "双曲线"}, {"id": "110424", "pId": "110421", "name": "抛物线"}, {"id": "110425", "pId": "110421", "name": "曲线与方程"}, {"id": "110426", "pId": "110421", "name": "圆锥曲线的综合问题"}, {"id": "110435", "pId": "110434", "name": "抽样"}, {"id": "110436", "pId": "110434", "name": "频率分布直方图"}, {"id": "110437", "pId": "110434", "name": "样本估计总体、数字特征"}, {"id": "110438", "pId": "110434", "name": "独立性检验"}, {"id": "110439", "pId": "110434", "name": "变量的相关性及回归分析"}, {"id": "110454", "pId": "110440", "name": "古典概型"}, {"id": "110455", "pId": "110440", "name": "几何概型"}, {"id": "110456", "pId": "110440", "name": "互斥事件"}, {"id": "110457", "pId": "110440", "name": "对立事件"}, {"id": "110458", "pId": "110440", "name": "离散型随机变量及其分布列、期望与方差"}, {"id": "110459", "pId": "110440", "name": "超几何分布"}, {"id": "110460", "pId": "110440", "name": "条件概率"}, {"id": "110461", "pId": "110440", "name": "独立事件"}, {"id": "110462", "pId": "110440", "name": "n次独立重复试验与二项分布"}, {"id": "110463", "pId": "110440", "name": "正态分布"}, {"id": "110464", "pId": "110440", "name": "概率的综合"}]