[{"id": "110973", "pId": "110866", "name": "直线运动"}, {"id": "110993", "pId": "110866", "name": "力与物体平衡"}, {"id": "111007", "pId": "110866", "name": "牛顿运动定律"}, {"id": "111017", "pId": "110866", "name": "曲线运动"}, {"id": "111089", "pId": "110866", "name": "动量"}, {"id": "111100", "pId": "110866", "name": "功和机械能"}, {"id": "111112", "pId": "110866", "name": "电磁学"}, {"id": "111145", "pId": "110866", "name": "机械振动机械波"}, {"id": "111146", "pId": "110866", "name": "热学"}, {"id": "111147", "pId": "110866", "name": "光学"}, {"id": "111148", "pId": "110866", "name": "原子物理"}, {"id": "111149", "pId": "110866", "name": "实验及物理学基础"}, {"id": "110974", "pId": "110973", "name": "运动的基本概念"}, {"id": "110981", "pId": "110973", "name": "匀速直线运动"}, {"id": "110983", "pId": "110973", "name": "匀变速直线运动"}, {"id": "110986", "pId": "110973", "name": "自由落体与竖直上抛"}, {"id": "110989", "pId": "110973", "name": "运动的图像"}, {"id": "110992", "pId": "110973", "name": "追及问题"}, {"id": "110994", "pId": "110993", "name": "重力、弹力、摩擦力"}, {"id": "110999", "pId": "110993", "name": "力的合成与分解"}, {"id": "111003", "pId": "110993", "name": "平衡分析"}, {"id": "111008", "pId": "111007", "name": "牛顿第一定律"}, {"id": "111009", "pId": "111007", "name": "牛顿第二定律"}, {"id": "111012", "pId": "111007", "name": "牛顿第三定律"}, {"id": "111013", "pId": "111007", "name": "超重失重"}, {"id": "111016", "pId": "111007", "name": "牛顿运动定律与电磁学综合"}, {"id": "111018", "pId": "111017", "name": "运动的合成与分解"}, {"id": "111021", "pId": "111017", "name": "抛体运动的规律"}, {"id": "111024", "pId": "111017", "name": "圆周运动"}, {"id": "111029", "pId": "111017", "name": "万有引力定律及其应用"}, {"id": "111090", "pId": "111089", "name": "动量和冲量定义"}, {"id": "111093", "pId": "111089", "name": "动量定理、动量守恒定律"}, {"id": "111094", "pId": "111089", "name": "碰撞、爆炸、反冲"}, {"id": "111101", "pId": "111100", "name": "功和功率"}, {"id": "111105", "pId": "111100", "name": "动能定理"}, {"id": "111106", "pId": "111100", "name": "机械能守恒"}, {"id": "111109", "pId": "111100", "name": "功能关系"}, {"id": "111113", "pId": "111112", "name": "静电场"}, {"id": "111119", "pId": "111112", "name": "恒定电流"}, {"id": "111124", "pId": "111112", "name": "磁场"}, {"id": "111128", "pId": "111112", "name": "电磁感应"}, {"id": "111133", "pId": "111112", "name": "交流电"}, {"id": "111137", "pId": "111112", "name": "门电路传感器"}, {"id": "111141", "pId": "111112", "name": "复合场"}, {"id": "111150", "pId": "111145", "name": "简谐运动、单摆"}, {"id": "111153", "pId": "111145", "name": "受迫振动与共振"}, {"id": "111154", "pId": "111145", "name": "机械波及图像"}, {"id": "111157", "pId": "111145", "name": "波的干涉和衍射"}, {"id": "111160", "pId": "111145", "name": "多普勒效应"}, {"id": "111161", "pId": "111146", "name": "分子动理论"}, {"id": "111165", "pId": "111146", "name": "热力学定律和能量守恒"}, {"id": "111169", "pId": "111146", "name": "固体液体气体"}, {"id": "111174", "pId": "111146", "name": "热机制冷机"}, {"id": "111177", "pId": "111147", "name": "几何光学"}, {"id": "111181", "pId": "111147", "name": "物理光学"}, {"id": "111186", "pId": "111148", "name": "原子结构、能级跃迁"}, {"id": "111189", "pId": "111148", "name": "原子核结构、核反应"}, {"id": "111192", "pId": "111149", "name": "物理实验"}, {"id": "111196", "pId": "111149", "name": "物理学基础"}, {"id": "110975", "pId": "110974", "name": "质点"}, {"id": "110976", "pId": "110974", "name": "参考系"}, {"id": "110977", "pId": "110974", "name": "时间与时刻"}, {"id": "110978", "pId": "110974", "name": "位移与路程"}, {"id": "110979", "pId": "110974", "name": "速度和速率"}, {"id": "110980", "pId": "110974", "name": "加速度"}, {"id": "110984", "pId": "110983", "name": "匀变速直线运动基本公式"}, {"id": "110985", "pId": "110983", "name": "匀变速直线运动导出公式"}, {"id": "110987", "pId": "110986", "name": "自由落体运动"}, {"id": "110988", "pId": "110986", "name": "竖直上抛运动"}, {"id": "110990", "pId": "110989", "name": "s—t图像"}, {"id": "110991", "pId": "110989", "name": "v—t图像"}, {"id": "110995", "pId": "110994", "name": "重力"}, {"id": "110996", "pId": "110994", "name": "弹力"}, {"id": "110997", "pId": "110994", "name": "静摩擦力"}, {"id": "110998", "pId": "110994", "name": "滑动摩擦力"}, {"id": "111000", "pId": "110999", "name": "力的合成"}, {"id": "111001", "pId": "110999", "name": "力的分解"}, {"id": "111002", "pId": "110999", "name": "平行四边形定则和三角形定则"}, {"id": "111004", "pId": "111003", "name": "共点力平衡"}, {"id": "111005", "pId": "111003", "name": "动态平衡"}, {"id": "111006", "pId": "111003", "name": "力矩平衡"}, {"id": "111010", "pId": "111009", "name": "对质点的应用"}, {"id": "111011", "pId": "111009", "name": "连接体"}, {"id": "111014", "pId": "111013", "name": "超重"}, {"id": "111015", "pId": "111013", "name": "失重"}, {"id": "111019", "pId": "111018", "name": "速度的合成与分解"}, {"id": "111020", "pId": "111018", "name": "位移的合成与分解"}, {"id": "111022", "pId": "111021", "name": "平抛运动"}, {"id": "111023", "pId": "111021", "name": "斜抛运动"}, {"id": "111025", "pId": "111024", "name": "圆周运动的物理量"}, {"id": "111026", "pId": "111024", "name": "匀速圆周运动"}, {"id": "111027", "pId": "111024", "name": "向心力公式"}, {"id": "111028", "pId": "111024", "name": "离心现象"}, {"id": "111030", "pId": "111029", "name": "万有引力定律与航天"}, {"id": "111032", "pId": "111029", "name": "万有引力定律应用"}, {"id": "111091", "pId": "111090", "name": "动量"}, {"id": "111092", "pId": "111090", "name": "冲量"}, {"id": "111095", "pId": "111094", "name": "弹性碰撞"}, {"id": "111096", "pId": "111094", "name": "非弹性碰撞"}, {"id": "111097", "pId": "111094", "name": "完全非弹性碰撞"}, {"id": "111098", "pId": "111094", "name": "爆炸"}, {"id": "111099", "pId": "111094", "name": "反冲"}, {"id": "111102", "pId": "111101", "name": "恒力做功"}, {"id": "111103", "pId": "111101", "name": "变力做功"}, {"id": "111104", "pId": "111101", "name": "功率"}, {"id": "111107", "pId": "111106", "name": "机械能"}, {"id": "111108", "pId": "111106", "name": "机械能守恒"}, {"id": "111110", "pId": "111109", "name": "重力做功与重力势能"}, {"id": "111111", "pId": "111109", "name": "非重力做功与机械能"}, {"id": "111114", "pId": "111113", "name": "电荷守恒与库仑定律"}, {"id": "111115", "pId": "111113", "name": "静电场的描述与计算"}, {"id": "111116", "pId": "111113", "name": "静电感应"}, {"id": "111117", "pId": "111113", "name": "电容器"}, {"id": "111118", "pId": "111113", "name": "电荷在电场中运动"}, {"id": "111120", "pId": "111119", "name": "电路基础"}, {"id": "111121", "pId": "111119", "name": "欧姆定律与电阻定律"}, {"id": "111122", "pId": "111119", "name": "电功率和焦耳定律"}, {"id": "111123", "pId": "111119", "name": "电路分析"}, {"id": "111125", "pId": "111124", "name": "磁场的描述"}, {"id": "111126", "pId": "111124", "name": "磁场对电流作用"}, {"id": "111127", "pId": "111124", "name": "带电粒子在磁场中运动"}, {"id": "111129", "pId": "111128", "name": "磁通量与楞次定律"}, {"id": "111130", "pId": "111128", "name": "法拉第电磁感应定律"}, {"id": "111131", "pId": "111128", "name": "电磁感应图像分析"}, {"id": "111132", "pId": "111128", "name": "电磁感应应用分析"}, {"id": "111134", "pId": "111133", "name": "交流电的产生与描述"}, {"id": "111135", "pId": "111133", "name": "变压器与远距离输电"}, {"id": "111136", "pId": "111133", "name": "电磁振荡与电磁波"}, {"id": "111138", "pId": "111137", "name": "与门、或门和非门"}, {"id": "111139", "pId": "111137", "name": "门电路设计与应用"}, {"id": "111140", "pId": "111137", "name": "传感器"}, {"id": "111142", "pId": "111141", "name": "重力场和磁场"}, {"id": "111143", "pId": "111141", "name": "电场和磁场"}, {"id": "111144", "pId": "111141", "name": "重力场、电场和磁场"}, {"id": "111151", "pId": "111150", "name": "简谐运动的描述"}, {"id": "111152", "pId": "111150", "name": "单摆及其周期"}, {"id": "111155", "pId": "111154", "name": "机械波的产生和传播"}, {"id": "111156", "pId": "111154", "name": "机械波图像"}, {"id": "111158", "pId": "111157", "name": "波的干涉"}, {"id": "111159", "pId": "111157", "name": "波的衍射"}, {"id": "111162", "pId": "111161", "name": "分子动理论"}, {"id": "111163", "pId": "111161", "name": "分子间的作用力"}, {"id": "111164", "pId": "111161", "name": "物体内能"}, {"id": "111166", "pId": "111165", "name": "热力学第一定律"}, {"id": "111167", "pId": "111165", "name": "热力学第二定律"}, {"id": "111168", "pId": "111165", "name": "热力学第三定律"}, {"id": "111170", "pId": "111169", "name": "波马定律、查理定律和盖吕定律"}, {"id": "111171", "pId": "111169", "name": "气体压强"}, {"id": "111172", "pId": "111169", "name": "理想气体的状态方程"}, {"id": "111173", "pId": "111169", "name": "液体和固体"}, {"id": "111175", "pId": "111174", "name": "热机原理和热机效率"}, {"id": "111176", "pId": "111174", "name": "制冷机原理"}, {"id": "111178", "pId": "111177", "name": "光的直线传播与反射"}, {"id": "111179", "pId": "111177", "name": "光的折射与全反射"}, {"id": "111180", "pId": "111177", "name": "光的色散、棱镜和透镜"}, {"id": "111184", "pId": "111181", "name": "光的干涉、衍射和偏振"}, {"id": "111185", "pId": "111181", "name": "光的波粒二象性"}, {"id": "112406", "pId": "111181", "name": "光电效应"}, {"id": "112407", "pId": "111181", "name": "康普顿效应与物质波"}, {"id": "112408", "pId": "111181", "name": "量子论与相对论"}, {"id": "111187", "pId": "111186", "name": "原子结构"}, {"id": "111188", "pId": "111186", "name": "能级、玻尔理论"}, {"id": "111190", "pId": "111189", "name": "原子核结构与核反应"}, {"id": "111191", "pId": "111189", "name": "质能方程"}, {"id": "111193", "pId": "111192", "name": "力学实验"}, {"id": "111194", "pId": "111192", "name": "电学实验"}, {"id": "111195", "pId": "111192", "name": "选修实验"}, {"id": "111197", "pId": "111196", "name": "物理学史"}, {"id": "111198", "pId": "111196", "name": "物理学研究方法"}, {"id": "111199", "pId": "111196", "name": "物理学基础"}]