[{"id": "110480", "pId": "96419", "name": "语言文字运用"}, {"id": "110481", "pId": "96419", "name": "名句默写"}, {"id": "110482", "pId": "96419", "name": "诗歌鉴赏"}, {"id": "110483", "pId": "96419", "name": "文言文阅读"}, {"id": "110484", "pId": "96419", "name": "现代文阅读"}, {"id": "110485", "pId": "96419", "name": "写作"}, {"id": "110486", "pId": "110480", "name": "字音"}, {"id": "110487", "pId": "110480", "name": "字形"}, {"id": "110488", "pId": "110480", "name": "词语（包括熟语）"}, {"id": "110489", "pId": "110480", "name": "语法"}, {"id": "110490", "pId": "110480", "name": "标点符号"}, {"id": "110491", "pId": "110480", "name": "辨析并修改病句"}, {"id": "110492", "pId": "110480", "name": "扩展语句、压缩语段"}, {"id": "110496", "pId": "110480", "name": "选用、仿用、变换句式"}, {"id": "110497", "pId": "110480", "name": "正确运用常用的修辞"}, {"id": "110498", "pId": "110480", "name": "语言表达简明、连贯、得体"}, {"id": "110501", "pId": "110480", "name": "语言表达准确、鲜明、生动"}, {"id": "110502", "pId": "110480", "name": "图文转换"}, {"id": "110503", "pId": "110480", "name": "文学常识"}, {"id": "110504", "pId": "110480", "name": "名著阅读"}, {"id": "110505", "pId": "110481", "name": "直接型默写"}, {"id": "110506", "pId": "110481", "name": "理解型默写"}, {"id": "112116", "pId": "110482", "name": "诗"}, {"id": "112117", "pId": "110482", "name": "词"}, {"id": "112118", "pId": "110482", "name": "曲"}, {"id": "110507", "pId": "110483", "name": "人物传记类"}, {"id": "110508", "pId": "110483", "name": "历史事件类"}, {"id": "110509", "pId": "110483", "name": "散文类"}, {"id": "110510", "pId": "110483", "name": "公文类"}, {"id": "110511", "pId": "110484", "name": "文学类文本阅读"}, {"id": "110514", "pId": "110484", "name": "实用类文本阅读"}, {"id": "110519", "pId": "110484", "name": "论述类文本阅读"}, {"id": "110520", "pId": "110485", "name": "命题作文"}, {"id": "110521", "pId": "110485", "name": "半命题作文"}, {"id": "110522", "pId": "110485", "name": "话题作文"}, {"id": "110523", "pId": "110485", "name": "材料作文"}, {"id": "110524", "pId": "110485", "name": "微写作"}, {"id": "110493", "pId": "110492", "name": "扩展语句"}, {"id": "110494", "pId": "110492", "name": "压缩语段"}, {"id": "110495", "pId": "110492", "name": "新闻类"}, {"id": "110499", "pId": "110498", "name": "句子衔接连贯"}, {"id": "110500", "pId": "110498", "name": "语言表达简明、得体"}, {"id": "110512", "pId": "110511", "name": "小说"}, {"id": "110513", "pId": "110511", "name": "散文"}, {"id": "110515", "pId": "110514", "name": "传记"}, {"id": "110516", "pId": "110514", "name": "新闻"}, {"id": "110517", "pId": "110514", "name": "报告"}, {"id": "110518", "pId": "110514", "name": "科普文章"}]