[{"id": "110695", "pId": "110693", "name": "语言知识运用"}, {"id": "110749", "pId": "110693", "name": "完形填空"}, {"id": "110754", "pId": "110693", "name": "阅读理解"}, {"id": "110760", "pId": "110693", "name": "语法填空"}, {"id": "110761", "pId": "110693", "name": "短文改错"}, {"id": "110762", "pId": "110693", "name": "书面表达"}, {"id": "110766", "pId": "110693", "name": "特殊题型"}, {"id": "110775", "pId": "110693", "name": "听力"}, {"id": "110696", "pId": "110695", "name": "名词"}, {"id": "110697", "pId": "110695", "name": "冠词"}, {"id": "110700", "pId": "110695", "name": "代词"}, {"id": "110703", "pId": "110695", "name": "形容词和副词"}, {"id": "110706", "pId": "110695", "name": "介词和介词短语"}, {"id": "110709", "pId": "110695", "name": "动词和动词短语"}, {"id": "110712", "pId": "110695", "name": "动词的时态和语态"}, {"id": "110724", "pId": "110695", "name": "非谓语动词"}, {"id": "110728", "pId": "110695", "name": "主谓一致"}, {"id": "110729", "pId": "110695", "name": "情态动词"}, {"id": "110730", "pId": "110695", "name": "虚拟语气"}, {"id": "110731", "pId": "110695", "name": "定语从句"}, {"id": "110732", "pId": "110695", "name": "连词和状语从句"}, {"id": "110735", "pId": "110695", "name": "名词性从句"}, {"id": "110740", "pId": "110695", "name": "特殊句式"}, {"id": "110747", "pId": "110695", "name": "交际用语"}, {"id": "110748", "pId": "110695", "name": "语音知识"}, {"id": "113466", "pId": "110695", "name": "数词和量词"}, {"id": "110750", "pId": "110749", "name": "记叙文"}, {"id": "110751", "pId": "110749", "name": "夹叙夹议文"}, {"id": "110752", "pId": "110749", "name": "说明文"}, {"id": "110776", "pId": "110749", "name": "议论文"}, {"id": "110755", "pId": "110754", "name": "记叙文"}, {"id": "110756", "pId": "110754", "name": "夹叙夹议文"}, {"id": "110757", "pId": "110754", "name": "说明文"}, {"id": "110758", "pId": "110754", "name": "应用文"}, {"id": "110759", "pId": "110754", "name": "议论文"}, {"id": "110763", "pId": "110762", "name": "提纲类"}, {"id": "110764", "pId": "110762", "name": "图表类"}, {"id": "110765", "pId": "110762", "name": "开放类"}, {"id": "110767", "pId": "110766", "name": "阅读表达"}, {"id": "110768", "pId": "110766", "name": "任务型阅读"}, {"id": "110769", "pId": "110766", "name": "七选五阅读"}, {"id": "110770", "pId": "110766", "name": "完成句子/翻译"}, {"id": "110771", "pId": "110766", "name": "短文填词"}, {"id": "110772", "pId": "110766", "name": "单词拼写"}, {"id": "110773", "pId": "110766", "name": "信息匹配"}, {"id": "110774", "pId": "110766", "name": "其他"}, {"id": "124113", "pId": "110775", "name": "短对话"}, {"id": "124114", "pId": "110775", "name": "长对话"}, {"id": "124115", "pId": "110775", "name": "独白"}, {"id": "124116", "pId": "110775", "name": "填空"}, {"id": "124117", "pId": "110775", "name": "其他"}, {"id": "110698", "pId": "110697", "name": "冠词的基本用法"}, {"id": "110699", "pId": "110697", "name": "冠词的习惯用法及活用"}, {"id": "110701", "pId": "110700", "name": "不定代词"}, {"id": "110702", "pId": "110700", "name": "（人称、物主、反身、指示、疑问）代词、it的用法及其他"}, {"id": "110704", "pId": "110703", "name": "形容词、副词辨析"}, {"id": "110705", "pId": "110703", "name": "形容词、副词的比较等级"}, {"id": "110707", "pId": "110706", "name": "介词辨析"}, {"id": "110708", "pId": "110706", "name": "介词短语辨析"}, {"id": "110710", "pId": "110709", "name": "动词辨析"}, {"id": "110711", "pId": "110709", "name": "动词短语辨析"}, {"id": "110713", "pId": "110712", "name": "一般现在时"}, {"id": "110714", "pId": "110712", "name": "一般过去时"}, {"id": "110715", "pId": "110712", "name": "一般将来时"}, {"id": "110716", "pId": "110712", "name": "过去将来时"}, {"id": "110717", "pId": "110712", "name": "现在进行时"}, {"id": "110718", "pId": "110712", "name": "过去进行时"}, {"id": "110719", "pId": "110712", "name": "将来进行时"}, {"id": "110720", "pId": "110712", "name": "现在完成时"}, {"id": "110721", "pId": "110712", "name": "过去完成时"}, {"id": "110722", "pId": "110712", "name": "将来完成时"}, {"id": "110723", "pId": "110712", "name": "现在完成进行时"}, {"id": "112119", "pId": "110712", "name": "过去完成进行时"}, {"id": "110725", "pId": "110724", "name": "动词不定式"}, {"id": "110726", "pId": "110724", "name": "V-ing形式"}, {"id": "110727", "pId": "110724", "name": "V-ed形式"}, {"id": "113467", "pId": "110724", "name": "独立主格结构"}, {"id": "110733", "pId": "110732", "name": "并列连词"}, {"id": "110734", "pId": "110732", "name": "状语从句"}, {"id": "110736", "pId": "110735", "name": "主语从句"}, {"id": "110737", "pId": "110735", "name": "宾语从句"}, {"id": "110738", "pId": "110735", "name": "表语从句"}, {"id": "110739", "pId": "110735", "name": "同位语从句"}, {"id": "110741", "pId": "110740", "name": "倒装句"}, {"id": "110742", "pId": "110740", "name": "强调句"}, {"id": "110743", "pId": "110740", "name": "反义疑问句"}, {"id": "110744", "pId": "110740", "name": "感叹句"}, {"id": "110745", "pId": "110740", "name": "祈使句"}, {"id": "110746", "pId": "110740", "name": "省略"}, {"id": "113468", "pId": "110740", "name": "There be句型"}, {"id": "113469", "pId": "110740", "name": "其他"}]