[{"id": "111431", "pId": "110869", "name": "经济生活"}, {"id": "111432", "pId": "110869", "name": "政治生活"}, {"id": "111433", "pId": "110869", "name": "文化生活"}, {"id": "111434", "pId": "110869", "name": "生活与哲学"}, {"id": "111435", "pId": "110869", "name": "科学社会主义常识"}, {"id": "111436", "pId": "110869", "name": "经济学常识"}, {"id": "111437", "pId": "110869", "name": "国家和国际组织"}, {"id": "111438", "pId": "110869", "name": "科学思维常识"}, {"id": "111439", "pId": "110869", "name": "生活中的法律常识"}, {"id": "111440", "pId": "110869", "name": "公民道德与伦理常识"}, {"id": "111441", "pId": "111431", "name": "生活与消费"}, {"id": "111442", "pId": "111431", "name": "生产、劳动与经营"}, {"id": "111443", "pId": "111431", "name": "收入与分配"}, {"id": "111444", "pId": "111431", "name": "发展社会主义市场经济  "}, {"id": "111459", "pId": "111432", "name": "公民的政治生活"}, {"id": "111460", "pId": "111432", "name": "为人民服务的政府"}, {"id": "111461", "pId": "111432", "name": "发展社会主义民主政治"}, {"id": "111462", "pId": "111432", "name": "当代国际社会"}, {"id": "111476", "pId": "111433", "name": "文化与生活"}, {"id": "111477", "pId": "111433", "name": "文化传承与创新"}, {"id": "111478", "pId": "111433", "name": "中华文化与民族精神"}, {"id": "111479", "pId": "111433", "name": "发展中国特色社会主义文化"}, {"id": "111489", "pId": "111434", "name": "生活智慧与时代精神"}, {"id": "111490", "pId": "111434", "name": "探索世界与追求真理"}, {"id": "111491", "pId": "111434", "name": "思想方法与创新意识"}, {"id": "111492", "pId": "111434", "name": "认识社会与价值选择"}, {"id": "111505", "pId": "111435", "name": "社会主义从空想到科学的发展"}, {"id": "111506", "pId": "111435", "name": "社会主义从理想到现实的转变"}, {"id": "111507", "pId": "111435", "name": "社会主义是中国人民的历史性选择"}, {"id": "111508", "pId": "111435", "name": "成功开创中国特色社会主义"}, {"id": "111509", "pId": "111435", "name": "坚持和发展中国特色社会主义"}, {"id": "111510", "pId": "111436", "name": "古典经济学巨匠的理论遗产"}, {"id": "111511", "pId": "111436", "name": "马克思主义经济学的伟大贡献"}, {"id": "111512", "pId": "111436", "name": "西方国家现代市场经济的兴起与主要模式"}, {"id": "111513", "pId": "111436", "name": "社会主义经济理论的初期探讨"}, {"id": "111514", "pId": "111436", "name": "中国社会主义市场经济的探索"}, {"id": "111515", "pId": "111437", "name": "各具特色的国家和国际组织"}, {"id": "111516", "pId": "111437", "name": "君主立宪制和民主共和制"}, {"id": "111517", "pId": "111437", "name": "联邦制、两党制、三权分立"}, {"id": "111518", "pId": "111437", "name": "民主集中制"}, {"id": "111519", "pId": "111437", "name": "日益重要的国际组织"}, {"id": "111520", "pId": "111438", "name": "树立科学思维的观念"}, {"id": "111521", "pId": "111438", "name": "遵循形式逻辑的要求"}, {"id": "111522", "pId": "111438", "name": "运用辩证法思维方法"}, {"id": "111523", "pId": "111438", "name": "结合实践，善于创新"}, {"id": "111524", "pId": "111439", "name": "生活在社会主义法治国家"}, {"id": "111525", "pId": "111439", "name": "民事权利和义务"}, {"id": "111526", "pId": "111439", "name": "信守合同与违约"}, {"id": "111527", "pId": "111439", "name": "劳动就业与守法经营"}, {"id": "111528", "pId": "111439", "name": "家庭与婚姻"}, {"id": "111529", "pId": "111439", "name": "法律救济"}, {"id": "111530", "pId": "111440", "name": "公民道德建设的内容与要求"}, {"id": "111531", "pId": "111440", "name": "社会主义市场经济的伦理要求"}, {"id": "111532", "pId": "111440", "name": "面对科技进步的伦理冲突"}, {"id": "111533", "pId": "111440", "name": "对环境的伦理关怀"}, {"id": "111534", "pId": "111440", "name": "公民的道德生活"}, {"id": "111445", "pId": "111441", "name": "货币"}, {"id": "111446", "pId": "111441", "name": "价格"}, {"id": "111447", "pId": "111441", "name": "消费"}, {"id": "111448", "pId": "111442", "name": "生产与经济制度"}, {"id": "111449", "pId": "111442", "name": "企业与劳动者"}, {"id": "111450", "pId": "111442", "name": "投资理财的选择"}, {"id": "111451", "pId": "111443", "name": "个人收入的分配"}, {"id": "111452", "pId": "111443", "name": "我国的基本经济制度"}, {"id": "111453", "pId": "111443", "name": "国家收入的分配"}, {"id": "111454", "pId": "111443", "name": "征税与纳税"}, {"id": "111455", "pId": "111444", "name": "市场调节"}, {"id": "111456", "pId": "111444", "name": "宏观调控"}, {"id": "111457", "pId": "111444", "name": "小康社会的经济建设"}, {"id": "111458", "pId": "111444", "name": "经济全球化与对外开放"}, {"id": "111463", "pId": "111459", "name": "人民当家作主"}, {"id": "111464", "pId": "111459", "name": "公民的政治参与"}, {"id": "111465", "pId": "111460", "name": "我国政府的职能和责任"}, {"id": "111466", "pId": "111460", "name": "政府权力的行使与监督"}, {"id": "111467", "pId": "111461", "name": "人民代表大会制度"}, {"id": "111468", "pId": "111461", "name": "我国的政党制度"}, {"id": "111469", "pId": "111461", "name": "我国民族区域自治制度及宗教政策"}, {"id": "111470", "pId": "111462", "name": "国际社会和国际关系"}, {"id": "111471", "pId": "111462", "name": "维护世界和平促进世界发展"}, {"id": "111480", "pId": "111476", "name": "文化与社会"}, {"id": "111535", "pId": "111476", "name": "文化对人的影响"}, {"id": "111481", "pId": "111477", "name": "文化的多样性与文化传播"}, {"id": "111482", "pId": "111477", "name": "文化的继承性与文化发展"}, {"id": "111483", "pId": "111477", "name": "文化创新"}, {"id": "111484", "pId": "111478", "name": "我们的中华文化"}, {"id": "111485", "pId": "111478", "name": "我们的民族精神"}, {"id": "111486", "pId": "111479", "name": "走进文化生活"}, {"id": "111487", "pId": "111479", "name": "建设社会主义文化强国"}, {"id": "111488", "pId": "111479", "name": "文化建设的中心环节"}, {"id": "111493", "pId": "111489", "name": "美好生活的向导"}, {"id": "111494", "pId": "111489", "name": "哲学的基本问题及基本派别"}, {"id": "111495", "pId": "111489", "name": "马克思主义哲学"}, {"id": "111496", "pId": "111490", "name": "物质和运动"}, {"id": "111497", "pId": "111490", "name": "物质与意识的辩证关系"}, {"id": "111498", "pId": "111490", "name": "求索真理的历程"}, {"id": "111499", "pId": "111491", "name": "唯物辩证法的联系观"}, {"id": "111500", "pId": "111491", "name": "唯物辩证法的发展观"}, {"id": "111501", "pId": "111491", "name": "唯物辩证法的实质与核心"}, {"id": "111502", "pId": "111491", "name": "创新意识与社会进步"}, {"id": "111503", "pId": "111492", "name": "寻觅社会的真谛"}, {"id": "111504", "pId": "111492", "name": "实现人生的价值"}]